-- phpMyAdmin SQL Dump
-- version 5.1.3
-- https://www.phpmyadmin.net/
--
-- Host: 127.0.0.1
-- Waktu pembuatan: 09 Feb 2024 pada 17.18
-- Versi server: 10.4.24-MariaDB
-- Versi PHP: 7.4.28

SET SQL_MODE = "NO_AUTO_VALUE_ON_ZERO";
START TRANSACTION;
SET time_zone = "+00:00";


/*!40101 SET @OLD_CHARACTER_SET_CLIENT=@@CHARACTER_SET_CLIENT */;
/*!40101 SET @OLD_CHARACTER_SET_RESULTS=@@CHARACTER_SET_RESULTS */;
/*!40101 SET @OLD_COLLATION_CONNECTION=@@COLLATION_CONNECTION */;
/*!40101 SET NAMES utf8mb4 */;

--
-- Database: `portaldashboard_v2`
--

-- --------------------------------------------------------

--
-- Struktur dari tabel `broadcasts`
--

CREATE TABLE `broadcasts` (
  `id` int(11) NOT NULL,
  `flag` enum('to','cc','bcc','') DEFAULT NULL,
  `dashboards_id` int(11) DEFAULT NULL,
  `recipients_id` int(11) DEFAULT NULL,
  `is_active` enum('yes','no','','') DEFAULT NULL,
  `created_at` timestamp NOT NULL DEFAULT current_timestamp() ON UPDATE current_timestamp()
) ENGINE=InnoDB DEFAULT CHARSET=utf8mb4;

--
-- Dumping data untuk tabel `broadcasts`
--

INSERT INTO `broadcasts` (`id`, `flag`, `dashboards_id`, `recipients_id`, `is_active`, `created_at`) VALUES
(1, 'to', 1, 1, 'yes', '2023-09-04 04:10:12'),
(2, 'to', 1, 2, 'yes', '2023-09-04 04:10:12'),
(3, 'to', 1, 3, 'yes', '2023-09-04 04:10:12'),
(4, 'to', 1, 4, 'yes', '2023-09-04 04:10:12'),
(5, 'to', 1, 5, 'yes', '2023-09-04 04:10:12'),
(6, 'to', 1, 6, 'yes', '2023-09-04 04:10:12'),
(7, 'to', 1, 7, 'yes', '2023-09-04 04:10:12'),
(8, 'to', 1, 8, 'yes', '2023-09-04 04:10:12'),
(9, 'to', 1, 9, 'yes', '2023-09-04 04:10:12'),
(10, 'to', 1, 10, 'yes', '2023-09-04 04:10:12'),
(11, 'to', 1, 11, 'yes', '2023-09-04 04:10:12'),
(12, 'to', 1, 12, 'yes', '2023-09-04 04:10:12'),
(13, 'to', 1, 13, 'yes', '2023-09-04 04:10:12'),
(14, 'to', 1, 14, 'yes', '2023-09-04 04:10:12'),
(15, 'to', 1, 15, 'yes', '2023-09-04 04:10:12'),
(16, 'to', 1, 16, 'yes', '2023-09-04 04:10:12'),
(17, 'to', 1, 17, 'yes', '2023-09-04 04:10:12'),
(18, 'to', 1, 18, 'yes', '2023-09-04 04:10:12'),
(19, 'to', 1, 19, 'yes', '2023-09-04 04:10:12'),
(20, 'to', 1, 20, 'yes', '2023-09-04 04:10:12'),
(21, 'to', 1, 21, 'yes', '2023-09-04 04:10:12'),
(22, 'to', 1, 22, 'yes', '2023-09-04 04:10:12'),
(23, 'to', 1, 23, 'yes', '2023-09-04 04:10:12'),
(24, 'to', 1, 24, 'yes', '2023-09-04 04:10:12'),
(27, 'to', 1, 25, 'yes', '2023-09-04 04:10:12'),
(28, 'to', 1, 26, 'yes', '2023-09-04 04:10:12'),
(30, 'to', 1, 27, 'yes', '2023-09-04 04:10:12'),
(32, 'to', 1, 28, 'yes', '2023-09-04 04:10:12'),
(33, 'to', 1, 29, 'yes', '2023-09-04 04:10:12'),
(34, 'to', 1, 30, 'yes', '2023-09-04 04:10:12'),
(35, 'to', 1, 31, 'yes', '2023-09-04 04:10:12'),
(37, 'to', 1, 32, 'yes', '2023-09-04 04:10:12'),
(38, 'to', 1, 33, 'yes', '2023-09-04 04:10:12'),
(42, 'to', 1, 34, 'yes', '2023-09-04 04:10:12'),
(43, 'to', 1, 35, 'yes', '2023-09-04 04:10:12'),
(46, 'to', 1, 36, 'yes', '2023-09-04 04:10:12'),
(47, 'to', 1, 37, 'yes', '2023-09-04 04:10:12'),
(48, 'to', 1, 38, 'yes', '2023-09-04 04:10:12'),
(49, 'to', 1, 39, 'yes', '2023-09-04 04:10:12'),
(50, 'to', 1, 40, 'yes', '2023-09-04 04:10:12'),
(51, 'to', 1, 41, 'yes', '2023-09-04 04:10:12'),
(52, 'bcc', 1, 42, 'yes', '2023-09-04 04:10:12'),
(53, 'bcc', 1, 43, 'yes', '2023-09-04 04:10:12'),
(54, 'bcc', 1, 44, 'yes', '2023-09-04 04:10:12'),
(55, 'to', 2, 2, 'yes', '2023-09-04 04:10:12'),
(56, 'to', 2, 3, 'yes', '2023-09-04 04:10:12'),
(57, 'to', 2, 12, 'yes', '2023-09-04 04:10:12'),
(58, 'to', 2, 45, 'yes', '2023-09-04 04:10:12'),
(59, 'to', 2, 18, 'yes', '2023-09-04 04:10:12'),
(60, 'to', 2, 19, 'yes', '2023-09-04 04:10:12'),
(61, 'to', 2, 26, 'yes', '2023-09-04 04:10:12'),
(62, 'to', 2, 22, 'yes', '2023-09-04 04:10:12'),
(63, 'to', 2, 25, 'yes', '2023-09-04 04:10:12'),
(64, 'to', 2, 21, 'yes', '2023-09-04 04:10:12'),
(65, 'to', 2, 36, 'yes', '2023-09-04 04:10:12'),
(66, 'to', 2, 37, 'yes', '2023-09-04 04:10:12'),
(67, 'to', 2, 38, 'yes', '2023-09-04 04:10:12'),
(68, 'to', 2, 39, 'yes', '2023-09-04 04:10:12'),
(69, 'to', 2, 40, 'yes', '2023-09-04 04:10:12'),
(70, 'to', 2, 7, 'yes', '2023-09-04 04:10:12'),
(71, 'to', 2, 8, 'yes', '2023-09-04 04:10:12'),
(73, 'bcc', 2, 42, 'yes', '2023-09-04 04:10:12'),
(74, 'bcc', 2, 44, 'yes', '2023-09-04 04:10:12'),
(75, 'to', 3, 46, 'yes', '2023-09-04 04:10:12'),
(76, 'to', 3, 47, 'yes', '2023-09-04 04:10:12'),
(77, 'to', 3, 42, 'yes', '2023-09-04 04:10:12'),
(78, 'to', 3, 48, 'yes', '2023-09-04 04:10:12'),
(79, 'to', 3, 20, 'yes', '2023-09-04 04:10:12'),
(80, 'to', 3, 49, 'yes', '2023-09-04 04:10:12'),
(81, 'to', 3, 50, 'yes', '2023-09-04 04:10:12'),
(82, 'to', 3, 21, 'yes', '2023-09-04 04:10:12'),
(83, 'to', 3, 51, 'yes', '2023-09-04 04:10:12'),
(84, 'to', 3, 52, 'yes', '2023-09-04 04:10:12'),
(85, 'to', 3, 53, 'yes', '2023-09-04 04:10:12'),
(86, 'to', 3, 54, 'yes', '2023-09-04 04:10:12'),
(87, 'to', 3, 55, 'yes', '2023-09-04 04:10:12'),
(88, 'to', 3, 56, 'yes', '2023-09-04 04:10:12'),
(89, 'to', 3, 57, 'yes', '2023-09-04 04:10:12'),
(90, 'to', 3, 58, 'yes', '2023-09-04 04:10:12'),
(91, 'to', 3, 43, 'yes', '2023-09-04 04:10:12'),
(92, 'to', 3, 59, 'yes', '2023-09-04 04:10:12'),
(93, 'to', 3, 60, 'yes', '2023-09-04 04:10:12'),
(94, 'to', 3, 61, 'yes', '2023-09-04 04:10:12'),
(95, 'to', 3, 62, 'yes', '2023-09-04 04:10:12'),
(96, 'to', 3, 22, 'yes', '2023-09-04 04:10:12'),
(97, 'to', 3, 63, 'yes', '2023-09-04 04:10:12'),
(98, 'to', 3, 64, 'yes', '2023-09-04 04:10:12'),
(99, 'to', 3, 65, 'yes', '2023-09-04 04:10:12'),
(100, 'to', 3, 66, 'yes', '2023-09-04 04:10:12'),
(101, 'to', 3, 67, 'yes', '2023-09-04 04:10:12'),
(102, 'to', 3, 68, 'yes', '2023-09-04 04:10:12'),
(103, 'to', 3, 36, 'yes', '2023-09-04 04:10:12'),
(104, 'to', 3, 69, 'yes', '2023-09-04 04:10:12'),
(105, 'to', 3, 70, 'yes', '2023-09-04 04:10:12'),
(106, 'to', 3, 71, 'yes', '2023-09-04 04:10:12'),
(107, 'to', 3, 72, 'yes', '2023-09-04 04:10:12'),
(108, 'cc', 3, 3, 'yes', '2023-09-04 04:10:12'),
(109, 'cc', 3, 2, 'yes', '2023-09-04 04:10:12'),
(110, 'cc', 3, 73, 'yes', '2023-09-04 04:10:12'),
(111, 'cc', 3, 74, 'yes', '2023-09-04 04:10:12'),
(112, 'cc', 3, 75, 'yes', '2023-09-04 04:10:12'),
(113, 'cc', 3, 23, 'yes', '2023-09-04 04:10:12'),
(114, 'bcc', 3, 44, 'yes', '2023-09-04 04:10:12'),
(115, 'to', 4, 46, 'yes', '2023-09-04 04:10:12'),
(116, 'to', 4, 47, 'yes', '2023-09-04 04:10:12'),
(117, 'to', 4, 42, 'yes', '2023-09-04 04:10:12'),
(118, 'to', 4, 48, 'yes', '2023-09-04 04:10:12'),
(119, 'to', 4, 20, 'yes', '2023-09-04 04:10:12'),
(120, 'to', 4, 49, 'yes', '2023-09-04 04:10:12'),
(121, 'to', 4, 50, 'yes', '2023-09-04 04:10:12'),
(122, 'to', 4, 21, 'yes', '2023-09-04 04:10:12'),
(123, 'to', 4, 51, 'yes', '2023-09-04 04:10:12'),
(124, 'to', 4, 52, 'yes', '2023-09-04 04:10:12'),
(125, 'to', 4, 53, 'yes', '2023-09-04 04:10:12'),
(126, 'to', 4, 54, 'yes', '2023-09-04 04:10:12'),
(127, 'to', 4, 55, 'yes', '2023-09-04 04:10:12'),
(128, 'to', 4, 56, 'yes', '2023-09-04 04:10:12'),
(129, 'to', 4, 57, 'yes', '2023-09-04 04:10:12'),
(130, 'to', 4, 58, 'yes', '2023-09-04 04:10:12'),
(131, 'to', 4, 43, 'yes', '2023-09-04 04:10:12'),
(132, 'to', 4, 59, 'yes', '2023-09-04 04:10:12'),
(133, 'to', 4, 60, 'yes', '2023-09-04 04:10:12'),
(134, 'to', 4, 61, 'yes', '2023-09-04 04:10:12'),
(135, 'to', 4, 62, 'yes', '2023-09-04 04:10:12'),
(136, 'to', 4, 22, 'yes', '2023-09-04 04:10:12'),
(137, 'to', 4, 63, 'yes', '2023-09-04 04:10:12'),
(138, 'to', 4, 64, 'yes', '2023-09-04 04:10:12'),
(139, 'to', 4, 65, 'yes', '2023-09-04 04:10:12'),
(140, 'to', 4, 66, 'yes', '2023-09-04 04:10:12'),
(141, 'to', 4, 67, 'yes', '2023-09-04 04:10:12'),
(142, 'to', 4, 68, 'yes', '2023-09-04 04:10:12'),
(143, 'to', 4, 36, 'yes', '2023-09-04 04:10:12'),
(144, 'cc', 4, 3, 'yes', '2023-09-04 04:10:12'),
(145, 'cc', 4, 2, 'yes', '2023-09-04 04:10:12'),
(146, 'cc', 4, 73, 'yes', '2023-09-04 04:10:12'),
(147, 'cc', 4, 74, 'yes', '2023-09-04 04:10:12'),
(148, 'cc', 4, 44, 'yes', '2023-09-04 04:10:12'),
(149, 'to', 5, 46, 'yes', '2023-09-04 04:10:12'),
(150, 'to', 5, 47, 'yes', '2023-09-04 04:10:12'),
(151, 'to', 5, 42, 'yes', '2023-09-04 04:10:12'),
(152, 'to', 5, 48, 'yes', '2023-09-04 04:10:12'),
(153, 'to', 5, 20, 'yes', '2023-09-04 04:10:12'),
(154, 'to', 5, 49, 'yes', '2023-09-04 04:10:12'),
(155, 'to', 5, 50, 'yes', '2023-09-04 04:10:12'),
(156, 'to', 5, 21, 'yes', '2023-09-04 04:10:12'),
(157, 'to', 5, 51, 'yes', '2023-09-04 04:10:12'),
(158, 'to', 5, 52, 'yes', '2023-09-04 04:10:12'),
(159, 'to', 5, 53, 'yes', '2023-09-04 04:10:12'),
(160, 'to', 5, 54, 'yes', '2023-09-04 04:10:12'),
(161, 'to', 5, 55, 'yes', '2023-09-04 04:10:12'),
(162, 'to', 5, 56, 'yes', '2023-09-04 04:10:12'),
(163, 'to', 5, 57, 'yes', '2023-09-04 04:10:12'),
(164, 'to', 5, 58, 'yes', '2023-09-04 04:10:12'),
(165, 'to', 5, 43, 'yes', '2023-09-04 04:10:12'),
(166, 'to', 5, 59, 'yes', '2023-09-04 04:10:12'),
(167, 'to', 5, 60, 'yes', '2023-09-04 04:10:12'),
(168, 'to', 5, 61, 'yes', '2023-09-04 04:10:12'),
(169, 'to', 5, 62, 'yes', '2023-09-04 04:10:12'),
(170, 'to', 5, 22, 'yes', '2023-09-04 04:10:12'),
(171, 'to', 5, 63, 'yes', '2023-09-04 04:10:12'),
(172, 'to', 5, 64, 'yes', '2023-09-04 04:10:12'),
(173, 'to', 5, 65, 'yes', '2023-09-04 04:10:12'),
(174, 'to', 5, 66, 'yes', '2023-09-04 04:10:12'),
(175, 'to', 5, 67, 'yes', '2023-09-04 04:10:12'),
(176, 'to', 5, 68, 'yes', '2023-09-04 04:10:12'),
(177, 'to', 5, 36, 'yes', '2023-09-04 04:10:12'),
(178, 'to', 5, 69, 'yes', '2023-09-04 04:10:12'),
(179, 'to', 5, 70, 'yes', '2023-09-04 04:10:12'),
(180, 'to', 5, 71, 'yes', '2023-09-04 04:10:12'),
(181, 'to', 5, 72, 'yes', '2023-09-04 04:10:12'),
(182, 'to', 5, 76, 'yes', '2023-09-04 04:10:12'),
(183, 'to', 5, 77, 'yes', '2023-09-04 04:10:12'),
(184, 'to', 5, 78, 'yes', '2023-09-04 04:10:12'),
(185, 'to', 5, 79, 'yes', '2023-09-04 04:10:12'),
(186, 'to', 5, 80, 'yes', '2023-09-04 04:10:12'),
(187, 'to', 5, 81, 'yes', '2023-09-04 04:10:12'),
(188, 'to', 5, 82, 'yes', '2023-09-04 04:10:12'),
(189, 'to', 5, 83, 'yes', '2023-09-04 04:10:12'),
(190, 'to', 5, 84, 'yes', '2023-09-04 04:10:12'),
(191, 'to', 5, 85, 'yes', '2023-09-04 04:10:12'),
(192, 'to', 5, 86, 'yes', '2023-09-04 04:10:12'),
(193, 'cc', 5, 4, 'yes', '2023-09-04 04:10:12'),
(194, 'cc', 5, 3, 'yes', '2023-09-04 04:10:12'),
(195, 'cc', 5, 2, 'yes', '2023-09-04 04:10:12'),
(196, 'cc', 5, 73, 'yes', '2023-09-04 04:10:12'),
(197, 'cc', 5, 74, 'yes', '2023-09-04 04:10:12'),
(198, 'cc', 5, 75, 'yes', '2023-09-04 04:10:12'),
(199, 'cc', 5, 23, 'yes', '2023-09-04 04:10:12'),
(200, 'cc', 5, 44, 'yes', '2023-09-04 04:10:12'),
(201, 'to', 6, 49, 'yes', '2023-09-04 04:10:12'),
(202, 'to', 6, 73, 'yes', '2023-09-04 04:10:12'),
(203, 'to', 6, 60, 'yes', '2023-09-04 04:10:12'),
(204, 'to', 6, 61, 'yes', '2023-09-04 04:10:12'),
(205, 'to', 6, 77, 'yes', '2023-09-04 04:10:12'),
(206, 'to', 6, 78, 'yes', '2023-09-04 04:10:12'),
(207, 'to', 6, 79, 'yes', '2023-09-04 04:10:12'),
(208, 'to', 6, 80, 'yes', '2023-09-04 04:10:12'),
(209, 'to', 6, 81, 'yes', '2023-09-04 04:10:12'),
(210, 'to', 6, 82, 'yes', '2023-09-04 04:10:12'),
(211, 'to', 6, 83, 'yes', '2023-09-04 04:10:12'),
(212, 'to', 6, 84, 'yes', '2023-09-04 04:10:12'),
(213, 'to', 6, 85, 'yes', '2023-09-04 04:10:12'),
(214, 'to', 6, 86, 'yes', '2023-09-04 04:10:12'),
(215, 'cc', 6, 4, 'yes', '2023-09-04 04:10:12'),
(216, 'cc', 6, 3, 'yes', '2023-09-04 04:10:12'),
(217, 'cc', 6, 46, 'yes', '2023-09-04 04:10:12'),
(218, 'cc', 6, 58, 'yes', '2023-09-04 04:10:12'),
(219, 'cc', 6, 42, 'yes', '2023-09-04 04:10:12'),
(220, 'cc', 6, 36, 'yes', '2023-09-04 04:10:12'),
(221, 'cc', 6, 43, 'yes', '2023-09-04 04:10:12'),
(222, 'bcc', 6, 44, 'yes', '2023-09-04 04:10:12'),
(223, 'to', 7, 20, 'yes', '2023-09-04 04:10:12'),
(224, 'to', 7, 48, 'yes', '2023-09-04 04:10:12'),
(225, 'to', 7, 49, 'yes', '2023-09-04 04:10:12'),
(226, 'to', 7, 50, 'yes', '2023-09-04 04:10:12'),
(227, 'to', 7, 21, 'yes', '2023-09-04 04:10:12'),
(228, 'to', 7, 51, 'yes', '2023-09-04 04:10:12'),
(229, 'to', 7, 52, 'yes', '2023-09-04 04:10:12'),
(230, 'to', 7, 53, 'yes', '2023-09-04 04:10:12'),
(231, 'to', 7, 54, 'yes', '2023-09-04 04:10:12'),
(232, 'to', 7, 55, 'yes', '2023-09-04 04:10:12'),
(233, 'to', 7, 56, 'yes', '2023-09-04 04:10:12'),
(234, 'to', 7, 57, 'yes', '2023-09-04 04:10:12'),
(235, 'to', 7, 43, 'yes', '2023-09-04 04:10:12'),
(236, 'to', 7, 59, 'yes', '2023-09-04 04:10:12'),
(237, 'to', 7, 60, 'yes', '2023-09-04 04:10:12'),
(238, 'to', 7, 61, 'yes', '2023-09-04 04:10:12'),
(239, 'to', 7, 62, 'yes', '2023-09-04 04:10:12'),
(240, 'to', 7, 22, 'yes', '2023-09-04 04:10:12'),
(241, 'to', 7, 63, 'yes', '2023-09-04 04:10:12'),
(242, 'to', 7, 64, 'yes', '2023-09-04 04:10:12'),
(243, 'to', 7, 65, 'yes', '2023-09-04 04:10:12'),
(244, 'to', 7, 66, 'yes', '2023-09-04 04:10:12'),
(245, 'to', 7, 67, 'yes', '2023-09-04 04:10:12'),
(246, 'to', 7, 68, 'yes', '2023-09-04 04:10:12'),
(247, 'to', 7, 36, 'yes', '2023-09-04 04:10:12'),
(248, 'to', 7, 69, 'yes', '2023-09-04 04:10:12'),
(249, 'to', 7, 70, 'yes', '2023-09-04 04:10:12'),
(250, 'to', 7, 71, 'yes', '2023-09-04 04:10:12'),
(251, 'to', 7, 72, 'yes', '2023-09-04 04:10:12'),
(252, 'to', 7, 77, 'yes', '2023-09-04 04:10:12'),
(253, 'to', 7, 78, 'yes', '2023-09-04 04:10:12'),
(254, 'to', 7, 79, 'yes', '2023-09-04 04:10:12'),
(255, 'to', 7, 80, 'yes', '2023-09-04 04:10:12'),
(256, 'to', 7, 81, 'yes', '2023-09-04 04:10:12'),
(257, 'to', 7, 82, 'yes', '2023-09-04 04:10:12'),
(258, 'to', 7, 83, 'yes', '2023-09-04 04:10:12'),
(259, 'to', 7, 84, 'yes', '2023-09-04 04:10:12'),
(260, 'to', 7, 85, 'yes', '2023-09-04 04:10:12'),
(261, 'to', 7, 86, 'yes', '2023-09-04 04:10:12'),
(263, 'cc', 7, 4, 'yes', '2023-09-04 04:10:12'),
(264, 'cc', 7, 3, 'yes', '2023-09-04 04:10:12'),
(265, 'cc', 7, 2, 'yes', '2023-09-04 04:10:12'),
(266, 'cc', 7, 73, 'yes', '2023-09-04 04:10:12'),
(267, 'cc', 7, 74, 'yes', '2023-09-04 04:10:12'),
(268, 'cc', 7, 75, 'yes', '2023-09-04 04:10:12'),
(269, 'cc', 7, 23, 'yes', '2023-09-04 04:10:12'),
(270, 'cc', 7, 46, 'yes', '2023-09-04 04:10:12'),
(271, 'cc', 7, 58, 'yes', '2023-09-04 04:10:12'),
(272, 'cc', 7, 47, 'yes', '2023-09-04 04:10:12'),
(273, 'cc', 7, 42, 'yes', '2023-09-04 04:10:12'),
(275, 'bcc', 7, 44, 'yes', '2023-09-04 04:10:12'),
(276, 'to', 8, 87, 'yes', '2023-09-04 04:10:12'),
(277, 'to', 8, 34, 'yes', '2023-09-04 04:10:12'),
(278, 'to', 8, 88, 'yes', '2023-09-04 04:10:12'),
(279, 'to', 8, 74, 'yes', '2023-09-04 04:10:12'),
(280, 'to', 8, 52, 'yes', '2023-09-04 04:10:12'),
(281, 'to', 8, 54, 'yes', '2023-09-04 04:10:12'),
(282, 'to', 8, 53, 'yes', '2023-09-04 04:10:12'),
(283, 'to', 8, 89, 'yes', '2023-09-04 04:10:12'),
(284, 'to', 8, 90, 'yes', '2023-09-04 04:10:12'),
(285, 'to', 8, 91, 'yes', '2023-09-04 04:10:12'),
(286, 'to', 8, 92, 'yes', '2023-09-04 04:10:12'),
(287, 'to', 8, 93, 'yes', '2023-09-04 04:10:12'),
(288, 'to', 8, 94, 'yes', '2023-09-04 04:10:12'),
(289, 'to', 8, 95, 'yes', '2023-09-04 04:10:12'),
(290, 'to', 8, 96, 'yes', '2023-09-04 04:10:12'),
(291, 'to', 8, 97, 'yes', '2023-09-04 04:10:12'),
(292, 'to', 8, 98, 'yes', '2023-09-04 04:10:12'),
(293, 'to', 8, 99, 'yes', '2023-09-04 04:10:12'),
(294, 'to', 8, 100, 'yes', '2023-09-04 04:10:12'),
(295, 'to', 8, 101, 'yes', '2023-09-04 04:10:12'),
(296, 'to', 8, 102, 'yes', '2023-09-04 04:10:12'),
(297, 'to', 8, 103, 'yes', '2023-09-04 04:10:12'),
(298, 'to', 8, 104, 'yes', '2023-09-04 04:10:12'),
(299, 'to', 8, 105, 'yes', '2023-09-04 04:10:12'),
(300, 'to', 8, 106, 'yes', '2023-09-04 04:10:12'),
(301, 'to', 8, 107, 'yes', '2023-09-04 04:10:12'),
(302, 'to', 8, 108, 'yes', '2023-09-04 04:10:12'),
(303, 'to', 8, 109, 'yes', '2023-09-04 04:10:12'),
(304, 'to', 8, 110, 'yes', '2023-09-04 04:10:12'),
(305, 'to', 8, 111, 'yes', '2023-09-04 04:10:12'),
(306, 'to', 8, 68, 'yes', '2023-09-04 04:10:12'),
(307, 'to', 8, 75, 'yes', '2023-09-04 04:10:12'),
(308, 'to', 8, 112, 'yes', '2023-09-04 04:10:12'),
(309, 'to', 8, 36, 'yes', '2023-09-04 04:10:12'),
(310, 'to', 8, 113, 'yes', '2023-09-04 04:10:12'),
(311, 'to', 8, 114, 'yes', '2023-09-04 04:10:12'),
(312, 'to', 8, 115, 'yes', '2023-09-04 04:10:12'),
(313, 'to', 8, 116, 'yes', '2023-09-04 04:10:12'),
(314, 'to', 8, 117, 'yes', '2023-09-04 04:10:12'),
(315, 'to', 8, 118, 'yes', '2023-09-04 04:10:12'),
(316, 'to', 8, 37, 'yes', '2023-09-04 04:10:12'),
(317, 'to', 8, 119, 'yes', '2023-09-04 04:10:12'),
(318, 'to', 8, 120, 'yes', '2023-09-04 04:10:12'),
(319, 'to', 8, 121, 'yes', '2023-09-04 04:10:12'),
(320, 'to', 8, 122, 'yes', '2023-09-04 04:10:12'),
(321, 'to', 8, 123, 'yes', '2023-09-04 04:10:12'),
(322, 'to', 8, 124, 'yes', '2023-09-04 04:10:12'),
(323, 'to', 8, 125, 'yes', '2023-09-04 04:10:12'),
(324, 'to', 8, 126, 'yes', '2023-09-04 04:10:12'),
(325, 'to', 8, 127, 'yes', '2023-09-04 04:10:12'),
(326, 'to', 8, 128, 'yes', '2023-09-04 04:10:12'),
(327, 'to', 8, 35, 'yes', '2023-09-04 04:10:12'),
(328, 'to', 8, 129, 'yes', '2023-09-04 04:10:12'),
(329, 'to', 8, 130, 'yes', '2023-09-04 04:10:12'),
(330, 'to', 8, 131, 'yes', '2023-09-04 04:10:12'),
(331, 'to', 8, 132, 'yes', '2023-09-04 04:10:12'),
(332, 'to', 8, 133, 'yes', '2023-09-04 04:10:12'),
(333, 'to', 8, 134, 'yes', '2023-09-04 04:10:12'),
(334, 'cc', 8, 3, 'yes', '2023-09-04 04:10:12'),
(335, 'cc', 8, 46, 'yes', '2023-09-04 04:10:12'),
(336, 'cc', 8, 65, 'yes', '2023-09-04 04:10:12'),
(337, 'bcc', 8, 42, 'yes', '2023-09-04 04:10:12'),
(338, 'bcc', 8, 44, 'yes', '2023-09-04 04:10:12'),
(339, 'to', 9, 135, 'yes', '2023-09-04 04:10:12'),
(340, 'to', 9, 20, 'yes', '2023-09-04 04:10:12'),
(341, 'to', 9, 136, 'yes', '2023-09-04 04:10:12'),
(342, 'cc', 9, 42, 'yes', '2023-09-04 04:10:12'),
(343, 'cc', 9, 44, 'yes', '2023-09-04 04:10:12'),
(344, 'cc', 9, 46, 'yes', '2023-09-04 04:10:12'),
(345, 'cc', 9, 58, 'yes', '2023-09-04 04:10:12'),
(346, 'cc', 9, 73, 'yes', '2023-09-04 04:10:12'),
(347, 'cc', 9, 3, 'yes', '2023-09-04 04:10:12'),
(348, 'to', 10, 58, 'yes', '2023-09-04 04:10:12'),
(349, 'cc', 10, 46, 'yes', '2023-09-04 04:10:12'),
(350, 'cc', 10, 42, 'yes', '2023-09-04 04:10:12'),
(351, 'cc', 10, 44, 'yes', '2023-09-04 04:10:12'),
(352, 'to', 11, 20, 'yes', '2023-09-04 04:10:12'),
(353, 'to', 11, 48, 'yes', '2023-09-04 04:10:12'),
(354, 'to', 11, 59, 'yes', '2023-09-04 04:10:12'),
(355, 'to', 11, 49, 'yes', '2023-09-04 04:10:12'),
(356, 'to', 11, 60, 'yes', '2023-09-04 04:10:12'),
(357, 'to', 11, 61, 'yes', '2023-09-04 04:10:12'),
(358, 'cc', 11, 3, 'yes', '2023-09-04 04:10:12'),
(359, 'cc', 11, 73, 'yes', '2023-09-04 04:10:12'),
(360, 'cc', 11, 46, 'yes', '2023-09-04 04:10:12'),
(361, 'cc', 11, 58, 'yes', '2023-09-04 04:10:12'),
(362, 'cc', 11, 36, 'yes', '2023-09-04 04:10:12'),
(363, 'cc', 11, 42, 'yes', '2023-09-04 04:10:12'),
(364, 'bcc', 11, 44, 'yes', '2023-09-04 04:10:12'),
(365, 'to', 12, 46, 'yes', '2023-09-04 04:10:12'),
(366, 'to', 12, 47, 'yes', '2023-09-04 04:10:12'),
(367, 'to', 12, 42, 'yes', '2023-09-04 04:10:12'),
(368, 'to', 12, 50, 'yes', '2023-09-04 04:10:12'),
(369, 'to', 12, 21, 'yes', '2023-09-04 04:10:12'),
(370, 'to', 12, 51, 'yes', '2023-09-04 04:10:12'),
(371, 'to', 12, 58, 'yes', '2023-09-04 04:10:12'),
(372, 'to', 12, 43, 'yes', '2023-09-04 04:10:12'),
(373, 'to', 12, 22, 'yes', '2023-09-04 04:10:12'),
(374, 'to', 12, 63, 'yes', '2023-09-04 04:10:12'),
(375, 'to', 12, 64, 'yes', '2023-09-04 04:10:12'),
(376, 'to', 12, 44, 'yes', '2023-09-04 04:10:12'),
(377, 'to', 12, 62, 'yes', '2023-09-04 04:10:12'),
(378, 'to', 12, 137, 'yes', '2023-09-04 04:10:12'),
(379, 'to', 12, 83, 'yes', '2023-09-04 04:10:12'),
(380, 'to', 12, 84, 'yes', '2023-09-04 04:10:12'),
(381, 'to', 12, 85, 'yes', '2023-09-04 04:10:12'),
(382, 'to', 12, 86, 'yes', '2023-09-04 04:10:12'),
(383, 'cc', 12, 3, 'yes', '2023-09-04 04:10:12'),
(384, 'cc', 12, 2, 'yes', '2023-09-04 04:10:12'),
(385, 'cc', 12, 36, 'yes', '2023-09-04 04:10:12'),
(386, 'cc', 12, 70, 'yes', '2023-09-04 04:10:12'),
(387, 'cc', 12, 77, 'yes', '2023-09-04 04:10:12'),
(388, 'cc', 12, 78, 'yes', '2023-09-04 04:10:12'),
(389, 'cc', 12, 79, 'yes', '2023-09-04 04:10:12'),
(390, 'cc', 12, 80, 'yes', '2023-09-04 04:10:12'),
(391, 'cc', 12, 81, 'yes', '2023-09-04 04:10:12'),
(392, 'cc', 12, 82, 'yes', '2023-09-04 04:10:12'),
(394, 'to', 13, 51, 'yes', '2023-09-04 04:10:12'),
(395, 'to', 13, 64, 'yes', '2023-09-04 04:10:12'),
(396, 'to', 13, 137, 'yes', '2023-09-04 04:10:12'),
(397, 'to', 13, 25, 'yes', '2023-09-04 04:10:12'),
(398, 'to', 13, 138, 'yes', '2023-09-04 04:10:12'),
(399, 'to', 13, 139, 'yes', '2023-09-04 04:10:12'),
(400, 'to', 13, 24, 'yes', '2023-09-04 04:10:12'),
(401, 'to', 13, 140, 'yes', '2023-09-04 04:10:12'),
(402, 'to', 13, 141, 'yes', '2023-09-04 04:10:12'),
(403, 'to', 13, 142, 'yes', '2023-09-04 04:10:12'),
(404, 'to', 13, 143, 'yes', '2023-09-04 04:10:12'),
(405, 'to', 13, 144, 'yes', '2023-09-04 04:10:12'),
(406, 'to', 13, 145, 'yes', '2023-09-04 04:10:12'),
(407, 'to', 13, 119, 'yes', '2023-09-04 04:10:12'),
(408, 'to', 13, 121, 'yes', '2023-09-04 04:10:12'),
(409, 'to', 13, 120, 'yes', '2023-09-04 04:10:12'),
(410, 'to', 13, 146, 'yes', '2023-09-04 04:10:12'),
(411, 'to', 13, 147, 'yes', '2023-09-04 04:10:12'),
(412, 'to', 13, 38, 'yes', '2023-09-04 04:10:12'),
(413, 'to', 13, 10, 'yes', '2023-09-04 04:10:12'),
(414, 'to', 13, 148, 'yes', '2023-09-04 04:10:12'),
(415, 'to', 13, 149, 'yes', '2023-09-04 04:10:12'),
(416, 'to', 13, 36, 'yes', '2023-09-04 04:10:12'),
(417, 'to', 13, 23, 'yes', '2023-09-04 04:10:12'),
(418, 'to', 13, 75, 'yes', '2023-09-04 04:10:12'),
(419, 'to', 13, 27, 'yes', '2023-09-04 04:10:12'),
(420, 'to', 13, 72, 'yes', '2023-09-04 04:10:12'),
(421, 'to', 13, 45, 'yes', '2023-09-04 04:10:12'),
(422, 'to', 13, 63, 'yes', '2023-09-04 04:10:12'),
(423, 'to', 13, 150, 'yes', '2023-09-04 04:10:12'),
(424, 'to', 13, 151, 'yes', '2023-09-04 04:10:12'),
(425, 'to', 13, 152, 'yes', '2023-09-04 04:10:12'),
(426, 'to', 13, 153, 'yes', '2023-09-04 04:10:12'),
(427, 'to', 13, 37, 'yes', '2023-09-04 04:10:12'),
(428, 'to', 13, 9, 'yes', '2023-09-04 04:10:12'),
(429, 'to', 13, 18, 'yes', '2023-09-04 04:10:12'),
(430, 'to', 13, 154, 'yes', '2023-09-04 04:10:12'),
(431, 'to', 13, 155, 'yes', '2023-09-04 04:10:12'),
(432, 'to', 13, 122, 'yes', '2023-09-04 04:10:12'),
(433, 'to', 13, 156, 'yes', '2023-09-04 04:10:12'),
(434, 'cc', 13, 42, 'yes', '2023-09-04 04:10:12'),
(435, 'cc', 13, 2, 'yes', '2023-09-04 04:10:12'),
(436, 'cc', 13, 73, 'yes', '2023-09-04 04:10:12'),
(437, 'cc', 13, 74, 'yes', '2023-09-04 04:10:12'),
(438, 'cc', 13, 88, 'yes', '2023-09-04 04:10:12'),
(439, 'cc', 13, 3, 'yes', '2023-09-04 04:10:12'),
(440, 'cc', 13, 4, 'yes', '2023-09-04 04:10:12'),
(441, 'cc', 13, 21, 'yes', '2023-09-04 04:10:12'),
(443, 'cc', 13, 62, 'yes', '2023-09-04 04:10:12'),
(444, 'cc', 13, 22, 'yes', '2023-09-04 04:10:12'),
(445, 'bcc', 13, 44, 'yes', '2023-09-04 04:10:12'),
(446, 'to', 14, 36, 'yes', '2023-09-04 04:10:12'),
(447, 'to', 14, 34, 'yes', '2023-09-04 04:10:12'),
(448, 'to', 14, 4, 'yes', '2023-09-04 04:10:12'),
(449, 'to', 14, 50, 'yes', '2023-09-04 04:10:12'),
(450, 'to', 14, 1, 'yes', '2023-09-04 04:10:12'),
(451, 'to', 14, 93, 'yes', '2023-09-04 04:10:12'),
(452, 'to', 14, 15, 'yes', '2023-09-04 04:10:12'),
(453, 'to', 14, 157, 'no', '2023-09-04 04:10:12'),
(454, 'to', 14, 158, 'no', '2023-09-04 04:10:12'),
(455, 'to', 14, 159, 'yes', '2023-09-04 04:10:12'),
(456, 'to', 14, 11, 'no', '2023-09-04 04:10:12'),
(457, 'to', 14, 12, 'yes', '2023-09-04 04:10:12'),
(458, 'to', 14, 160, 'no', '2023-09-04 04:10:12'),
(459, 'to', 14, 14, 'no', '2023-09-04 04:10:12'),
(460, 'to', 14, 13, 'yes', '2023-09-04 04:10:12'),
(461, 'to', 14, 161, 'yes', '2023-09-04 04:10:12'),
(462, 'to', 14, 162, 'yes', '2023-09-04 04:10:12'),
(463, 'to', 14, 2, 'yes', '2023-09-04 04:10:12'),
(464, 'to', 14, 20, 'yes', '2023-09-04 04:10:12'),
(465, 'to', 14, 3, 'yes', '2023-09-04 04:10:12'),
(466, 'to', 14, 74, 'yes', '2023-09-04 04:10:12'),
(467, 'to', 14, 23, 'yes', '2023-09-04 04:10:12'),
(468, 'to', 14, 163, 'yes', '2023-09-04 04:10:12'),
(469, 'to', 14, 147, 'yes', '2023-09-04 04:10:12'),
(470, 'to', 14, 164, 'yes', '2023-09-04 04:10:12'),
(471, 'to', 14, 123, 'yes', '2023-09-04 04:10:12'),
(472, 'to', 14, 165, 'yes', '2023-09-04 04:10:12'),
(473, 'to', 14, 5, 'yes', '2023-09-04 04:10:12'),
(474, 'to', 14, 73, 'yes', '2023-09-04 04:10:12'),
(475, 'to', 14, 166, 'yes', '2023-09-04 04:10:12'),
(476, 'to', 14, 167, 'yes', '2023-09-04 04:10:12'),
(478, 'to', 14, 168, 'yes', '2023-09-04 04:10:12'),
(479, 'to', 14, 126, 'yes', '2023-09-04 04:10:12'),
(480, 'to', 14, 31, 'yes', '2023-09-04 04:10:12'),
(481, 'to', 14, 169, 'yes', '2023-09-04 04:10:12'),
(482, 'to', 14, 170, 'yes', '2023-09-04 04:10:12'),
(483, 'to', 14, 35, 'yes', '2023-09-04 04:10:12'),
(484, 'to', 14, 113, 'yes', '2023-09-04 04:10:12'),
(485, 'to', 14, 171, 'yes', '2023-09-04 04:10:12'),
(486, 'to', 14, 172, 'yes', '2023-09-04 04:10:12'),
(487, 'to', 14, 173, 'yes', '2023-09-04 04:10:12'),
(488, 'to', 14, 174, 'yes', '2023-09-04 04:10:12'),
(489, 'to', 14, 46, 'yes', '2023-09-04 04:10:12'),
(490, 'to', 14, 58, 'yes', '2023-09-04 04:10:12'),
(491, 'to', 14, 175, 'yes', '2023-09-04 04:10:12'),
(492, 'to', 14, 176, 'yes', '2023-09-04 04:10:12'),
(493, 'to', 14, 177, 'yes', '2023-09-04 04:10:12'),
(494, 'to', 14, 178, 'yes', '2023-09-04 04:10:12'),
(495, 'to', 14, 179, 'yes', '2023-09-04 04:10:12'),
(496, 'to', 14, 180, 'yes', '2023-09-04 04:10:12'),
(497, 'to', 14, 28, 'yes', '2023-09-04 04:10:12'),
(498, 'to', 14, 181, 'yes', '2023-09-04 04:10:12'),
(499, 'to', 14, 182, 'yes', '2023-09-04 04:10:12'),
(500, 'to', 14, 183, 'yes', '2023-09-04 04:10:12'),
(501, 'to', 14, 184, 'yes', '2023-09-04 04:10:12'),
(502, 'to', 14, 185, 'yes', '2023-09-04 04:10:12'),
(503, 'to', 14, 186, 'yes', '2023-09-04 04:10:12'),
(504, 'to', 14, 187, 'yes', '2023-09-04 04:10:12'),
(505, 'to', 14, 188, 'yes', '2023-09-04 04:10:12'),
(506, 'to', 14, 189, 'yes', '2023-09-04 04:10:12'),
(507, 'to', 14, 190, 'yes', '2023-09-04 04:10:12'),
(508, 'to', 14, 191, 'yes', '2023-09-04 04:10:12'),
(509, 'to', 14, 192, 'yes', '2023-09-04 04:10:12'),
(510, 'to', 14, 75, 'yes', '2023-09-04 04:10:12'),
(511, 'to', 14, 72, 'yes', '2023-09-04 04:10:12'),
(512, 'to', 14, 193, 'yes', '2023-09-04 04:10:12'),
(513, 'to', 14, 80, 'yes', '2023-09-04 04:10:12'),
(514, 'to', 14, 194, 'yes', '2023-09-04 04:10:12'),
(515, 'to', 14, 195, 'yes', '2023-09-04 04:10:12'),
(516, 'to', 14, 196, 'yes', '2023-09-04 04:10:12'),
(517, 'to', 14, 37, 'yes', '2023-09-04 04:10:12'),
(518, 'to', 14, 61, 'yes', '2023-09-04 04:10:12'),
(519, 'to', 14, 59, 'yes', '2023-09-04 04:10:12'),
(520, 'to', 14, 135, 'yes', '2023-09-04 04:10:12'),
(521, 'to', 14, 197, 'yes', '2023-09-04 04:10:12'),
(522, 'to', 14, 198, 'yes', '2023-09-04 04:10:12'),
(523, 'to', 14, 199, 'yes', '2023-09-04 04:10:12'),
(524, 'to', 14, 200, 'yes', '2023-09-04 04:10:12'),
(525, 'to', 14, 201, 'yes', '2023-09-04 04:10:12'),
(526, 'to', 14, 202, 'yes', '2023-09-04 04:10:12'),
(527, 'to', 14, 203, 'yes', '2023-09-04 04:10:12'),
(528, 'to', 14, 204, 'yes', '2023-09-04 04:10:12'),
(529, 'to', 14, 205, 'yes', '2023-09-04 04:10:12'),
(530, 'to', 14, 124, 'yes', '2023-09-04 04:10:12'),
(532, 'to', 14, 206, 'yes', '2023-09-04 04:10:12'),
(533, 'to', 14, 207, 'yes', '2023-09-04 04:10:12'),
(534, 'to', 14, 208, 'yes', '2023-09-04 04:10:12'),
(535, 'to', 14, 209, 'yes', '2023-09-04 04:10:12'),
(536, 'to', 14, 210, 'yes', '2023-09-04 04:10:12'),
(537, 'cc', 14, 42, 'yes', '2023-09-04 04:10:12'),
(538, 'cc', 14, 44, 'yes', '2023-09-04 04:10:12'),
(539, 'bcc', 14, 211, 'yes', '2023-09-04 04:10:12'),
(540, 'to', 15, 36, 'yes', '2023-09-04 04:10:12'),
(541, 'to', 15, 23, 'yes', '2023-09-04 04:10:12'),
(542, 'to', 15, 72, 'yes', '2023-09-04 04:10:12'),
(543, 'to', 15, 51, 'yes', '2023-09-04 04:10:12'),
(544, 'to', 15, 64, 'yes', '2023-09-04 04:10:12'),
(545, 'to', 15, 75, 'yes', '2023-09-04 04:10:12'),
(546, 'to', 15, 21, 'yes', '2023-09-04 04:10:12'),
(547, 'to', 15, 22, 'yes', '2023-09-04 04:10:12'),
(548, 'to', 15, 50, 'yes', '2023-09-04 04:10:12'),
(549, 'to', 15, 62, 'yes', '2023-09-04 04:10:12'),
(550, 'to', 15, 37, 'yes', '2023-09-04 04:10:12'),
(551, 'cc', 15, 2, 'yes', '2023-09-04 04:10:12'),
(552, 'cc', 15, 3, 'yes', '2023-09-04 04:10:12'),
(553, 'cc', 15, 42, 'yes', '2023-09-04 04:10:12'),
(554, 'cc', 15, 43, 'yes', '2023-09-04 04:10:12'),
(555, 'cc', 15, 44, 'yes', '2023-09-04 04:10:12'),
(556, 'to', 16, 2, 'yes', '2023-09-04 04:10:12'),
(557, 'to', 16, 25, 'yes', '2023-09-04 04:10:12'),
(558, 'to', 16, 51, 'yes', '2023-09-04 04:10:12'),
(559, 'to', 16, 139, 'yes', '2023-09-04 04:10:12'),
(560, 'to', 16, 64, 'yes', '2023-09-04 04:10:12'),
(561, 'to', 16, 148, 'yes', '2023-09-04 04:10:12'),
(562, 'to', 16, 149, 'yes', '2023-09-04 04:10:12'),
(563, 'to', 16, 45, 'yes', '2023-09-04 04:10:12'),
(564, 'to', 16, 36, 'yes', '2023-09-04 04:10:12'),
(565, 'to', 16, 37, 'yes', '2023-09-04 04:10:12'),
(566, 'to', 16, 212, 'yes', '2023-09-04 04:10:12'),
(567, 'to', 16, 151, 'yes', '2023-09-04 04:10:12'),
(568, 'to', 16, 152, 'yes', '2023-09-04 04:10:12'),
(569, 'to', 16, 143, 'yes', '2023-09-04 04:10:12'),
(570, 'to', 16, 213, 'yes', '2023-09-04 04:10:12'),
(571, 'to', 16, 8, 'yes', '2023-09-04 04:10:12'),
(572, 'to', 16, 32, 'yes', '2023-09-04 04:10:12'),
(573, 'to', 16, 214, 'yes', '2023-09-04 04:10:12'),
(574, 'cc', 16, 3, 'yes', '2023-09-04 04:10:12'),
(575, 'bcc', 16, 42, 'yes', '2023-09-04 04:10:12'),
(576, 'bcc', 16, 43, 'yes', '2023-09-04 04:10:12'),
(577, 'bcc', 16, 44, 'yes', '2023-09-04 04:10:12'),
(578, 'to', 17, 23, 'yes', '2023-09-04 04:10:12'),
(579, 'to', 17, 72, 'yes', '2023-09-04 04:10:12'),
(580, 'to', 17, 112, 'yes', '2023-09-04 04:10:12'),
(581, 'cc', 17, 42, 'yes', '2023-09-04 04:10:12'),
(582, 'bcc', 17, 44, 'yes', '2023-09-04 04:10:12'),
(583, 'to', 18, 36, 'yes', '2023-09-04 04:10:12'),
(584, 'to', 18, 159, 'yes', '2023-09-04 04:10:12'),
(585, 'to', 18, 12, 'yes', '2023-09-04 04:10:12'),
(586, 'to', 18, 215, 'yes', '2023-09-04 04:10:12'),
(587, 'to', 18, 179, 'yes', '2023-09-04 04:10:12'),
(588, 'to', 18, 3, 'yes', '2023-09-04 04:10:12'),
(589, 'to', 18, 2, 'yes', '2023-09-04 04:10:12'),
(590, 'to', 18, 60, 'yes', '2023-09-04 04:10:12'),
(591, 'to', 18, 73, 'yes', '2023-09-04 04:10:12'),
(592, 'to', 18, 216, 'yes', '2023-09-04 04:10:12'),
(593, 'to', 18, 217, 'yes', '2023-09-04 04:10:12'),
(594, 'to', 18, 29, 'yes', '2023-09-04 04:10:12'),
(595, 'to', 18, 218, 'yes', '2023-09-04 04:10:12'),
(596, 'to', 18, 219, 'yes', '2023-09-04 04:10:12'),
(597, 'to', 18, 220, 'yes', '2023-09-04 04:10:12'),
(598, 'to', 18, 221, 'yes', '2023-09-04 04:10:12'),
(599, 'to', 18, 222, 'yes', '2023-09-04 04:10:12'),
(600, 'to', 18, 223, 'yes', '2023-09-04 04:10:12'),
(601, 'to', 18, 23, 'yes', '2023-09-04 04:10:12'),
(602, 'to', 18, 224, 'yes', '2023-09-04 04:10:12'),
(603, 'to', 18, 225, 'yes', '2023-09-04 04:10:12'),
(604, 'to', 18, 226, 'yes', '2023-09-04 04:10:12'),
(605, 'to', 18, 180, 'yes', '2023-09-04 04:10:12'),
(606, 'to', 18, 49, 'yes', '2023-09-04 04:10:12'),
(607, 'to', 18, 26, 'yes', '2023-09-04 04:10:12'),
(608, 'to', 18, 45, 'yes', '2023-09-04 04:10:12'),
(609, 'to', 18, 25, 'yes', '2023-09-04 04:10:12'),
(610, 'to', 18, 140, 'yes', '2023-09-04 04:10:12'),
(611, 'to', 18, 153, 'yes', '2023-09-04 04:10:12'),
(612, 'to', 18, 227, 'yes', '2023-09-04 04:10:12'),
(613, 'to', 18, 148, 'yes', '2023-09-04 04:10:12'),
(614, 'to', 18, 142, 'yes', '2023-09-04 04:10:12'),
(615, 'to', 18, 143, 'yes', '2023-09-04 04:10:12'),
(616, 'to', 18, 156, 'yes', '2023-09-04 04:10:12'),
(617, 'to', 18, 228, 'yes', '2023-09-04 04:10:12'),
(618, 'to', 18, 114, 'yes', '2023-09-04 04:10:12'),
(619, 'to', 18, 18, 'yes', '2023-09-04 04:10:12'),
(620, 'to', 18, 147, 'yes', '2023-09-04 04:10:12'),
(621, 'to', 18, 229, 'yes', '2023-09-04 04:10:12'),
(622, 'to', 18, 230, 'yes', '2023-09-04 04:10:12'),
(623, 'to', 18, 231, 'yes', '2023-09-04 04:10:12'),
(624, 'to', 18, 61, 'yes', '2023-09-04 04:10:12'),
(625, 'to', 18, 232, 'yes', '2023-09-04 04:10:12'),
(626, 'to', 18, 233, 'yes', '2023-09-04 04:10:12'),
(627, 'to', 18, 234, 'yes', '2023-09-04 04:10:12'),
(628, 'to', 18, 235, 'yes', '2023-09-04 04:10:12'),
(629, 'to', 18, 4, 'yes', '2023-09-04 04:10:12'),
(630, 'to', 18, 123, 'yes', '2023-09-04 04:10:12'),
(631, 'to', 18, 236, 'yes', '2023-09-04 04:10:12'),
(632, 'to', 18, 237, 'yes', '2023-09-04 04:10:12'),
(633, 'to', 18, 238, 'yes', '2023-09-04 04:10:12'),
(634, 'to', 18, 37, 'yes', '2023-09-04 04:10:12'),
(635, 'to', 18, 239, 'yes', '2023-09-04 04:10:12'),
(636, 'to', 18, 176, 'yes', '2023-09-04 04:10:12'),
(637, 'to', 18, 198, 'yes', '2023-09-04 04:10:12'),
(638, 'to', 18, 199, 'yes', '2023-09-04 04:10:12'),
(639, 'to', 18, 240, 'yes', '2023-09-04 04:10:12'),
(640, 'to', 18, 76, 'yes', '2023-09-04 04:10:12'),
(641, 'to', 18, 241, 'yes', '2023-09-04 04:10:12'),
(642, 'bcc', 18, 42, 'yes', '2023-09-04 04:10:12'),
(643, 'bcc', 18, 44, 'yes', '2023-09-04 04:10:12'),
(644, 'to', 19, 51, 'yes', '2023-09-04 04:10:12'),
(645, 'to', 19, 50, 'yes', '2023-09-04 04:10:12'),
(646, 'to', 19, 21, 'yes', '2023-09-04 04:10:12'),
(647, 'to', 19, 64, 'yes', '2023-09-04 04:10:12'),
(648, 'to', 19, 62, 'yes', '2023-09-04 04:10:12'),
(649, 'to', 19, 22, 'yes', '2023-09-04 04:10:12'),
(650, 'to', 19, 20, 'yes', '2023-09-04 04:10:12'),
(651, 'to', 19, 48, 'yes', '2023-09-04 04:10:12'),
(652, 'to', 19, 49, 'yes', '2023-09-04 04:10:12'),
(653, 'to', 19, 60, 'yes', '2023-09-04 04:10:12'),
(654, 'to', 19, 61, 'yes', '2023-09-04 04:10:12'),
(655, 'to', 19, 135, 'yes', '2023-09-04 04:10:12'),
(656, 'to', 19, 137, 'yes', '2023-09-04 04:10:12'),
(657, 'to', 19, 76, 'yes', '2023-09-04 04:10:12'),
(658, 'to', 19, 236, 'yes', '2023-09-04 04:10:12'),
(659, 'to', 19, 242, 'yes', '2023-09-04 04:10:12'),
(660, 'to', 19, 42, 'yes', '2023-09-04 04:10:12'),
(661, 'to', 19, 58, 'yes', '2023-09-04 04:10:12'),
(662, 'to', 19, 44, 'yes', '2023-09-04 04:10:12'),
(663, 'to', 19, 23, 'yes', '2023-09-04 04:10:12'),
(664, 'to', 19, 75, 'yes', '2023-09-04 04:10:12'),
(665, 'to', 19, 72, 'yes', '2023-09-04 04:10:12'),
(666, 'to', 19, 46, 'yes', '2023-09-04 04:10:12'),
(667, 'to', 19, 77, 'yes', '2023-09-04 04:10:12'),
(668, 'to', 19, 78, 'yes', '2023-09-04 04:10:12'),
(669, 'to', 19, 79, 'yes', '2023-09-04 04:10:12'),
(670, 'to', 19, 80, 'yes', '2023-09-04 04:10:12'),
(671, 'to', 19, 81, 'yes', '2023-09-04 04:10:12'),
(672, 'to', 19, 82, 'yes', '2023-09-04 04:10:12'),
(673, 'to', 19, 83, 'yes', '2023-09-04 04:10:12'),
(674, 'to', 19, 84, 'yes', '2023-09-04 04:10:12'),
(675, 'to', 19, 85, 'yes', '2023-09-04 04:10:12'),
(676, 'cc', 19, 3, 'yes', '2023-09-04 04:10:12'),
(677, 'cc', 19, 2, 'yes', '2023-09-04 04:10:12'),
(678, 'cc', 19, 74, 'yes', '2023-09-04 04:10:12'),
(679, 'cc', 19, 73, 'yes', '2023-09-04 04:10:12'),
(680, 'cc', 19, 4, 'yes', '2023-09-04 04:10:12'),
(681, 'cc', 19, 36, 'yes', '2023-09-04 04:10:12'),
(682, 'to', 20, 12, 'yes', '2023-09-04 04:10:12'),
(683, 'to', 20, 4, 'yes', '2023-09-04 04:10:12'),
(684, 'to', 20, 26, 'yes', '2023-09-04 04:10:12'),
(685, 'to', 20, 18, 'yes', '2023-09-04 04:10:12'),
(686, 'to', 20, 37, 'yes', '2023-09-04 04:10:12'),
(687, 'to', 20, 2, 'yes', '2023-09-04 04:10:12'),
(688, 'to', 20, 21, 'yes', '2023-09-04 04:10:12'),
(689, 'to', 20, 22, 'yes', '2023-09-04 04:10:12'),
(690, 'to', 20, 140, 'yes', '2023-09-04 04:10:12'),
(691, 'to', 20, 147, 'yes', '2023-09-04 04:10:12'),
(692, 'to', 20, 1, 'yes', '2023-09-04 04:10:12'),
(693, 'to', 20, 28, 'yes', '2023-09-04 04:10:12'),
(694, 'to', 20, 13, 'yes', '2023-09-04 04:10:12'),
(695, 'to', 20, 31, 'yes', '2023-09-04 04:10:12'),
(696, 'to', 20, 34, 'yes', '2023-09-04 04:10:12'),
(697, 'to', 20, 35, 'yes', '2023-09-04 04:10:12'),
(698, 'to', 20, 14, 'yes', '2023-09-04 04:10:12'),
(699, 'to', 20, 30, 'yes', '2023-09-04 04:10:12'),
(700, 'to', 20, 36, 'yes', '2023-09-04 04:10:12'),
(701, 'to', 20, 3, 'yes', '2023-09-04 04:10:12'),
(702, 'to', 20, 42, 'yes', '2023-09-04 04:10:12'),
(703, 'bcc', 20, 44, 'yes', '2023-09-04 04:10:12'),
(704, 'to', 21, 36, 'yes', '2023-09-04 04:10:12'),
(705, 'to', 21, 159, 'yes', '2023-09-04 04:10:12'),
(706, 'to', 21, 243, 'yes', '2023-09-04 04:10:12'),
(707, 'to', 21, 3, 'yes', '2023-09-04 04:10:12'),
(708, 'to', 21, 2, 'yes', '2023-09-04 04:10:12'),
(709, 'to', 21, 60, 'yes', '2023-09-04 04:10:12'),
(710, 'to', 21, 73, 'yes', '2023-09-04 04:10:12'),
(711, 'to', 21, 216, 'yes', '2023-09-04 04:10:12'),
(712, 'to', 21, 49, 'yes', '2023-09-04 04:10:12'),
(713, 'to', 21, 244, 'yes', '2023-09-04 04:10:12'),
(714, 'to', 21, 245, 'yes', '2023-09-04 04:10:12'),
(715, 'to', 21, 246, 'yes', '2023-09-04 04:10:12'),
(716, 'to', 21, 218, 'yes', '2023-09-04 04:10:12'),
(717, 'to', 21, 220, 'yes', '2023-09-04 04:10:12'),
(718, 'to', 21, 221, 'yes', '2023-09-04 04:10:12'),
(719, 'to', 21, 217, 'yes', '2023-09-04 04:10:12'),
(720, 'to', 21, 114, 'yes', '2023-09-04 04:10:12'),
(721, 'to', 21, 247, 'yes', '2023-09-04 04:10:12'),
(722, 'to', 21, 179, 'yes', '2023-09-04 04:10:12'),
(723, 'to', 21, 26, 'yes', '2023-09-04 04:10:12'),
(724, 'to', 21, 18, 'yes', '2023-09-04 04:10:12'),
(725, 'to', 21, 147, 'yes', '2023-09-04 04:10:12'),
(726, 'to', 21, 229, 'yes', '2023-09-04 04:10:12'),
(727, 'to', 21, 61, 'yes', '2023-09-04 04:10:12'),
(728, 'to', 21, 232, 'yes', '2023-09-04 04:10:12'),
(729, 'to', 21, 233, 'yes', '2023-09-04 04:10:12'),
(730, 'to', 21, 234, 'yes', '2023-09-04 04:10:12'),
(731, 'to', 21, 235, 'yes', '2023-09-04 04:10:12'),
(732, 'to', 21, 4, 'yes', '2023-09-04 04:10:12'),
(733, 'to', 21, 123, 'yes', '2023-09-04 04:10:12'),
(734, 'to', 21, 236, 'yes', '2023-09-04 04:10:12'),
(735, 'to', 21, 237, 'yes', '2023-09-04 04:10:12'),
(736, 'to', 21, 37, 'yes', '2023-09-04 04:10:12'),
(737, 'to', 21, 240, 'yes', '2023-09-04 04:10:12'),
(738, 'to', 21, 76, 'yes', '2023-09-04 04:10:12'),
(739, 'to', 21, 241, 'yes', '2023-09-04 04:10:12'),
(740, 'bcc', 21, 42, 'yes', '2023-09-04 04:10:12'),
(741, 'bcc', 21, 44, 'yes', '2023-09-04 04:10:12'),
(742, 'to', 22, 36, 'yes', '2023-09-04 04:10:12'),
(743, 'to', 22, 3, 'yes', '2023-09-04 04:10:12'),
(744, 'to', 22, 73, 'yes', '2023-09-04 04:10:12'),
(745, 'to', 22, 2, 'yes', '2023-09-04 04:10:12'),
(746, 'to', 22, 60, 'yes', '2023-09-04 04:10:12'),
(747, 'to', 22, 21, 'yes', '2023-09-04 04:10:12'),
(748, 'to', 22, 51, 'yes', '2023-09-04 04:10:12'),
(749, 'to', 22, 50, 'yes', '2023-09-04 04:10:12'),
(750, 'to', 22, 20, 'yes', '2023-09-04 04:10:12'),
(751, 'to', 22, 49, 'yes', '2023-09-04 04:10:12'),
(752, 'to', 22, 229, 'yes', '2023-09-04 04:10:12'),
(753, 'to', 22, 248, 'yes', '2023-09-04 04:10:12'),
(754, 'to', 22, 249, 'yes', '2023-09-04 04:10:12'),
(755, 'to', 22, 61, 'yes', '2023-09-04 04:10:12'),
(756, 'to', 22, 237, 'yes', '2023-09-04 04:10:12'),
(757, 'to', 22, 240, 'yes', '2023-09-04 04:10:12'),
(758, 'to', 22, 76, 'yes', '2023-09-04 04:10:12'),
(759, 'to', 22, 217, 'yes', '2023-09-04 04:10:12'),
(760, 'bcc', 22, 42, 'yes', '2023-09-04 04:10:12'),
(761, 'bcc', 22, 44, 'yes', '2023-09-04 04:10:12'),
(762, 'to', 23, 36, 'yes', '2023-09-04 04:10:12'),
(763, 'to', 23, 12, 'yes', '2023-09-04 04:10:12'),
(764, 'to', 23, 1, 'yes', '2023-09-04 04:10:12'),
(765, 'to', 23, 3, 'yes', '2023-09-04 04:10:12'),
(766, 'to', 23, 73, 'yes', '2023-09-04 04:10:12'),
(767, 'to', 23, 235, 'yes', '2023-09-04 04:10:12'),
(768, 'to', 23, 2, 'yes', '2023-09-04 04:10:12'),
(769, 'to', 23, 21, 'yes', '2023-09-04 04:10:12'),
(770, 'to', 23, 51, 'yes', '2023-09-04 04:10:12'),
(771, 'to', 23, 50, 'yes', '2023-09-04 04:10:12'),
(772, 'to', 23, 20, 'yes', '2023-09-04 04:10:12'),
(773, 'to', 23, 49, 'yes', '2023-09-04 04:10:12'),
(774, 'to', 23, 60, 'yes', '2023-09-04 04:10:12'),
(775, 'to', 23, 229, 'yes', '2023-09-04 04:10:12'),
(776, 'to', 23, 221, 'yes', '2023-09-04 04:10:12'),
(777, 'to', 23, 218, 'yes', '2023-09-04 04:10:12'),
(778, 'to', 23, 217, 'yes', '2023-09-04 04:10:12'),
(779, 'to', 23, 201, 'yes', '2023-09-04 04:10:12'),
(780, 'to', 23, 250, 'yes', '2023-09-04 04:10:12'),
(781, 'to', 23, 61, 'yes', '2023-09-04 04:10:12'),
(782, 'to', 23, 237, 'yes', '2023-09-04 04:10:12'),
(783, 'to', 23, 147, 'yes', '2023-09-04 04:10:12'),
(784, 'to', 23, 240, 'yes', '2023-09-04 04:10:12'),
(785, 'bcc', 23, 42, 'yes', '2023-09-04 04:10:12'),
(786, 'bcc', 23, 44, 'yes', '2023-09-04 04:10:12'),
(787, 'to', 24, 51, 'yes', '2023-09-04 04:10:12'),
(788, 'to', 24, 64, 'yes', '2023-09-04 04:10:12'),
(789, 'to', 24, 137, 'yes', '2023-09-04 04:10:12'),
(790, 'cc', 24, 42, 'yes', '2023-09-04 04:10:12'),
(791, 'cc', 24, 44, 'yes', '2023-09-04 04:10:12'),
(792, 'to', 25, 39, 'yes', '2023-09-04 04:10:12'),
(793, 'to', 25, 22, 'yes', '2023-09-04 04:10:12'),
(794, 'to', 25, 26, 'yes', '2023-09-04 04:10:12'),
(795, 'to', 25, 153, 'yes', '2023-09-04 04:10:12'),
(796, 'to', 25, 40, 'yes', '2023-09-04 04:10:12'),
(797, 'to', 25, 32, 'yes', '2023-09-04 04:10:12'),
(798, 'to', 25, 239, 'yes', '2023-09-04 04:10:12'),
(799, 'to', 25, 12, 'yes', '2023-09-04 04:10:12'),
(800, 'to', 25, 45, 'yes', '2023-09-04 04:10:12'),
(801, 'to', 25, 36, 'yes', '2023-09-04 04:10:12'),
(802, 'to', 25, 151, 'yes', '2023-09-04 04:10:12'),
(803, 'to', 25, 235, 'yes', '2023-09-04 04:10:12'),
(804, 'to', 25, 251, 'yes', '2023-09-04 04:10:12'),
(805, 'to', 25, 252, 'yes', '2023-09-04 04:10:12'),
(806, 'to', 25, 37, 'yes', '2023-09-04 04:10:12'),
(807, 'cc', 25, 3, 'yes', '2023-09-04 04:10:12'),
(808, 'cc', 25, 42, 'yes', '2023-09-04 04:10:12'),
(809, 'bcc', 25, 44, 'yes', '2023-09-04 04:10:12'),
(810, 'to', 26, 87, 'yes', '2023-09-04 04:10:12'),
(811, 'to', 26, 72, 'yes', '2023-09-04 04:10:12'),
(812, 'to', 26, 23, 'yes', '2023-09-04 04:10:12'),
(813, 'to', 26, 253, 'yes', '2023-09-04 04:10:12'),
(814, 'to', 26, 254, 'yes', '2023-09-04 04:10:12'),
(815, 'to', 26, 255, 'yes', '2023-09-04 04:10:12'),
(816, 'to', 26, 22, 'yes', '2023-09-04 04:10:12'),
(817, 'to', 26, 62, 'yes', '2023-09-04 04:10:12'),
(818, 'to', 26, 36, 'yes', '2023-09-04 04:10:12'),
(819, 'to', 26, 215, 'yes', '2023-09-04 04:10:12'),
(820, 'to', 26, 147, 'yes', '2023-09-04 04:10:12'),
(821, 'to', 26, 50, 'yes', '2023-09-04 04:10:12'),
(822, 'to', 26, 256, 'yes', '2023-09-04 04:10:12'),
(823, 'to', 26, 151, 'yes', '2023-09-04 04:10:12'),
(824, 'to', 26, 39, 'yes', '2023-09-04 04:10:12'),
(825, 'to', 26, 40, 'yes', '2023-09-04 04:10:12'),
(826, 'cc', 26, 1, 'yes', '2023-09-04 04:10:12'),
(827, 'cc', 26, 12, 'yes', '2023-09-04 04:10:12'),
(828, 'cc', 26, 201, 'yes', '2023-09-04 04:10:12'),
(829, 'cc', 26, 26, 'yes', '2023-09-04 04:10:12'),
(830, 'cc', 26, 25, 'yes', '2023-09-04 04:10:12'),
(831, 'cc', 26, 18, 'yes', '2023-09-04 04:10:12'),
(832, 'cc', 26, 3, 'yes', '2023-09-04 04:10:12'),
(833, 'cc', 26, 2, 'yes', '2023-09-04 04:10:12'),
(834, 'cc', 26, 24, 'yes', '2023-09-04 04:10:12'),
(837, 'cc', 26, 257, 'yes', '2023-09-04 04:10:12'),
(838, 'cc', 26, 112, 'yes', '2023-09-04 04:10:12'),
(839, 'cc', 26, 258, 'yes', '2023-09-04 04:10:12'),
(840, 'cc', 26, 259, 'yes', '2023-09-04 04:10:12'),
(841, 'cc', 26, 260, 'yes', '2023-09-04 04:10:12'),
(842, 'cc', 26, 21, 'yes', '2023-09-04 04:10:12'),
(843, 'cc', 26, 142, 'yes', '2023-09-04 04:10:12'),
(844, 'cc', 26, 143, 'yes', '2023-09-04 04:10:12'),
(845, 'cc', 26, 4, 'yes', '2023-09-04 04:10:12'),
(846, 'cc', 26, 159, 'yes', '2023-09-04 04:10:12'),
(847, 'cc', 26, 217, 'yes', '2023-09-04 04:10:12'),
(848, 'cc', 26, 223, 'yes', '2023-09-04 04:10:12'),
(849, 'cc', 26, 244, 'yes', '2023-09-04 04:10:12'),
(850, 'cc', 26, 37, 'yes', '2023-09-04 04:10:12'),
(851, 'cc', 26, 138, 'yes', '2023-09-04 04:10:12'),
(852, 'cc', 26, 38, 'yes', '2023-09-04 04:10:12'),
(853, 'cc', 26, 75, 'yes', '2023-09-04 04:10:12'),
(855, 'cc', 26, 261, 'yes', '2023-09-04 04:10:12'),
(856, 'cc', 26, 141, 'yes', '2023-09-04 04:10:12'),
(857, 'cc', 26, 33, 'yes', '2023-09-04 04:10:12'),
(858, 'cc', 26, 152, 'yes', '2023-09-04 04:10:12'),
(859, 'cc', 26, 32, 'yes', '2023-09-04 04:10:12'),
(860, 'cc', 26, 140, 'yes', '2023-09-04 04:10:12'),
(861, 'cc', 26, 45, 'yes', '2023-09-04 04:10:12'),
(862, 'cc', 26, 153, 'yes', '2023-09-04 04:10:12'),
(863, 'cc', 26, 227, 'yes', '2023-09-04 04:10:12'),
(864, 'cc', 26, 148, 'yes', '2023-09-04 04:10:12'),
(865, 'cc', 26, 42, 'yes', '2023-09-04 04:10:12'),
(867, 'cc', 26, 10, 'yes', '2023-09-04 04:10:12'),
(868, 'bcc', 26, 44, 'yes', '2023-09-04 04:10:12'),
(869, 'to', 27, 51, 'yes', '2023-09-04 04:10:12'),
(870, 'to', 27, 64, 'yes', '2023-09-04 04:10:12'),
(871, 'to', 27, 137, 'yes', '2023-09-04 04:10:12'),
(872, 'to', 27, 2, 'yes', '2023-09-04 04:10:12'),
(873, 'to', 27, 3, 'yes', '2023-09-04 04:10:12'),
(874, 'to', 27, 140, 'yes', '2023-09-04 04:10:12'),
(875, 'to', 27, 36, 'yes', '2023-09-04 04:10:12'),
(876, 'to', 27, 20, 'yes', '2023-09-04 04:10:12'),
(877, 'to', 27, 21, 'yes', '2023-09-04 04:10:12'),
(878, 'to', 27, 22, 'yes', '2023-09-04 04:10:12'),
(879, 'to', 27, 63, 'yes', '2023-09-04 04:10:12'),
(880, 'to', 27, 50, 'yes', '2023-09-04 04:10:12'),
(881, 'to', 27, 62, 'yes', '2023-09-04 04:10:12'),
(882, 'to', 27, 242, 'yes', '2023-09-04 04:10:12'),
(883, 'to', 27, 37, 'yes', '2023-09-04 04:10:12'),
(884, 'cc', 27, 42, 'yes', '2023-09-04 04:10:12'),
(885, 'cc', 27, 44, 'yes', '2023-09-04 04:10:12'),
(886, 'to', 28, 12, 'yes', '2023-09-04 04:10:12'),
(887, 'to', 28, 179, 'yes', '2023-09-04 04:10:12'),
(888, 'to', 28, 75, 'yes', '2023-09-04 04:10:12'),
(889, 'to', 28, 26, 'yes', '2023-09-04 04:10:12'),
(890, 'to', 28, 18, 'yes', '2023-09-04 04:10:12'),
(891, 'to', 28, 37, 'yes', '2023-09-04 04:10:12'),
(892, 'to', 28, 51, 'yes', '2023-09-04 04:10:12'),
(893, 'to', 28, 64, 'yes', '2023-09-04 04:10:12'),
(894, 'to', 28, 137, 'yes', '2023-09-04 04:10:12'),
(895, 'to', 28, 140, 'yes', '2023-09-04 04:10:12'),
(896, 'to', 28, 36, 'yes', '2023-09-04 04:10:12'),
(898, 'cc', 28, 2, 'yes', '2023-09-04 04:10:12'),
(899, 'cc', 28, 3, 'yes', '2023-09-04 04:10:12'),
(900, 'bcc', 28, 42, 'yes', '2023-09-04 04:10:12'),
(901, 'bcc', 28, 43, 'yes', '2023-09-04 04:10:12'),
(902, 'bcc', 28, 44, 'yes', '2023-09-04 04:10:12'),
(903, 'to', 29, 23, 'yes', '2023-09-04 04:10:12'),
(904, 'to', 29, 72, 'yes', '2023-09-04 04:10:12'),
(905, 'to', 29, 51, 'yes', '2023-09-04 04:10:12'),
(906, 'to', 29, 64, 'yes', '2023-09-04 04:10:12'),
(907, 'to', 29, 137, 'yes', '2023-09-04 04:10:12'),
(908, 'to', 29, 42, 'yes', '2023-09-04 04:10:12'),
(909, 'to', 29, 37, 'yes', '2023-09-04 04:10:12'),
(910, 'cc', 29, 3, 'yes', '2023-09-04 04:10:12'),
(911, 'cc', 29, 2, 'yes', '2023-09-04 04:10:12'),
(912, 'cc', 29, 36, 'yes', '2023-09-04 04:10:12'),
(913, 'cc', 29, 43, 'yes', '2023-09-04 04:10:12'),
(914, 'bcc', 29, 44, 'yes', '2023-09-04 04:10:12'),
(915, 'to', 30, 36, 'yes', '2023-09-04 04:10:12'),
(916, 'to', 30, 51, 'yes', '2023-09-04 04:10:12'),
(917, 'to', 30, 64, 'yes', '2023-09-04 04:10:12'),
(918, 'to', 30, 137, 'yes', '2023-09-04 04:10:12'),
(919, 'to', 30, 2, 'yes', '2023-09-04 04:10:12'),
(920, 'to', 30, 4, 'yes', '2023-09-04 04:10:12'),
(921, 'to', 30, 18, 'yes', '2023-09-04 04:10:12'),
(922, 'to', 30, 45, 'yes', '2023-09-04 04:10:12'),
(923, 'to', 30, 26, 'yes', '2023-09-04 04:10:12'),
(924, 'to', 30, 147, 'yes', '2023-09-04 04:10:12'),
(925, 'to', 30, 235, 'yes', '2023-09-04 04:10:12'),
(926, 'to', 30, 145, 'yes', '2023-09-04 04:10:12'),
(927, 'to', 30, 75, 'yes', '2023-09-04 04:10:12'),
(928, 'to', 30, 262, 'yes', '2023-09-04 04:10:12'),
(929, 'to', 30, 243, 'yes', '2023-09-04 04:10:12'),
(930, 'to', 30, 263, 'yes', '2023-09-04 04:10:12'),
(931, 'to', 30, 30, 'yes', '2023-09-04 04:10:12'),
(932, 'to', 30, 264, 'yes', '2023-09-04 04:10:12'),
(933, 'to', 30, 265, 'yes', '2023-09-04 04:10:12'),
(934, 'to', 30, 266, 'yes', '2023-09-04 04:10:12'),
(935, 'to', 30, 267, 'yes', '2023-09-04 04:10:12'),
(936, 'to', 30, 35, 'yes', '2023-09-04 04:10:12'),
(937, 'to', 30, 268, 'yes', '2023-09-04 04:10:12'),
(938, 'to', 30, 201, 'yes', '2023-09-04 04:10:12'),
(939, 'to', 30, 31, 'yes', '2023-09-04 04:10:12'),
(940, 'to', 30, 73, 'yes', '2023-09-04 04:10:12'),
(941, 'to', 30, 74, 'yes', '2023-09-04 04:10:12'),
(942, 'to', 30, 269, 'yes', '2023-09-04 04:10:12'),
(943, 'cc', 30, 12, 'yes', '2023-09-04 04:10:12'),
(944, 'cc', 30, 215, 'yes', '2023-09-04 04:10:12'),
(945, 'cc', 30, 1, 'yes', '2023-09-04 04:10:12'),
(946, 'cc', 30, 3, 'yes', '2023-09-04 04:10:12'),
(947, 'bcc', 30, 42, 'yes', '2023-09-04 04:10:12'),
(948, 'bcc', 30, 44, 'yes', '2023-09-04 04:10:12'),
(949, 'to', 31, 51, 'yes', '2023-09-04 04:10:12'),
(950, 'to', 31, 64, 'yes', '2023-09-04 04:10:12'),
(951, 'to', 31, 137, 'yes', '2023-09-04 04:10:12'),
(952, 'to', 31, 2, 'yes', '2023-09-04 04:10:12'),
(953, 'to', 31, 36, 'yes', '2023-09-04 04:10:12'),
(954, 'to', 31, 4, 'yes', '2023-09-04 04:10:12'),
(955, 'to', 31, 202, 'yes', '2023-09-04 04:10:12'),
(956, 'to', 31, 205, 'yes', '2023-09-04 04:10:12'),
(957, 'to', 31, 270, 'yes', '2023-09-04 04:10:12'),
(958, 'to', 31, 18, 'yes', '2023-09-04 04:10:12'),
(959, 'to', 31, 45, 'yes', '2023-09-04 04:10:12'),
(960, 'to', 31, 26, 'yes', '2023-09-04 04:10:12'),
(961, 'to', 31, 147, 'yes', '2023-09-04 04:10:12'),
(962, 'to', 31, 235, 'yes', '2023-09-04 04:10:12'),
(963, 'to', 31, 145, 'yes', '2023-09-04 04:10:12'),
(964, 'to', 31, 75, 'yes', '2023-09-04 04:10:12'),
(965, 'to', 31, 262, 'yes', '2023-09-04 04:10:12'),
(966, 'to', 31, 243, 'yes', '2023-09-04 04:10:12'),
(967, 'to', 31, 263, 'yes', '2023-09-04 04:10:12'),
(968, 'to', 31, 30, 'yes', '2023-09-04 04:10:12'),
(969, 'to', 31, 264, 'yes', '2023-09-04 04:10:12'),
(970, 'to', 31, 265, 'yes', '2023-09-04 04:10:12'),
(971, 'to', 31, 266, 'yes', '2023-09-04 04:10:12'),
(972, 'to', 31, 267, 'yes', '2023-09-04 04:10:12'),
(973, 'to', 31, 35, 'yes', '2023-09-04 04:10:12'),
(974, 'to', 31, 268, 'yes', '2023-09-04 04:10:12'),
(975, 'to', 31, 201, 'yes', '2023-09-04 04:10:12'),
(976, 'to', 31, 31, 'yes', '2023-09-04 04:10:12'),
(977, 'cc', 31, 12, 'yes', '2023-09-04 04:10:12'),
(978, 'cc', 31, 215, 'yes', '2023-09-04 04:10:12'),
(979, 'cc', 31, 1, 'yes', '2023-09-04 04:10:12'),
(980, 'cc', 31, 3, 'yes', '2023-09-04 04:10:12'),
(981, 'cc', 31, 42, 'yes', '2023-09-04 04:10:12'),
(982, 'cc', 31, 44, 'yes', '2023-09-04 04:10:12'),
(983, 'to', 32, 2, 'yes', '2023-09-04 04:10:12'),
(984, 'to', 32, 20, 'yes', '2023-09-04 04:10:12'),
(985, 'to', 32, 48, 'yes', '2023-09-04 04:10:12'),
(986, 'to', 32, 73, 'yes', '2023-09-04 04:10:12'),
(987, 'to', 32, 64, 'yes', '2023-09-04 04:10:12'),
(988, 'to', 32, 49, 'yes', '2023-09-04 04:10:12'),
(989, 'to', 32, 51, 'yes', '2023-09-04 04:10:12'),
(990, 'to', 32, 43, 'yes', '2023-09-04 04:10:12'),
(991, 'to', 32, 60, 'yes', '2023-09-04 04:10:12'),
(992, 'to', 32, 62, 'yes', '2023-09-04 04:10:12'),
(993, 'to', 32, 3, 'yes', '2023-09-04 04:10:12'),
(994, 'to', 32, 254, 'yes', '2023-09-04 04:10:12'),
(995, 'to', 32, 36, 'yes', '2023-09-04 04:10:12'),
(996, 'to', 32, 59, 'yes', '2023-09-04 04:10:12'),
(997, 'to', 32, 61, 'yes', '2023-09-04 04:10:12'),
(998, 'to', 32, 37, 'yes', '2023-09-04 04:10:12'),
(999, 'to', 32, 271, 'yes', '2023-09-04 04:10:12'),
(1000, 'cc', 32, 21, 'yes', '2023-09-04 04:10:12'),
(1001, 'cc', 32, 22, 'yes', '2023-09-04 04:10:12'),
(1002, 'bcc', 32, 42, 'yes', '2023-09-04 04:10:12'),
(1003, 'bcc', 32, 44, 'yes', '2023-09-04 04:10:12'),
(1004, 'to', 33, 36, 'yes', '2023-09-04 04:10:12'),
(1005, 'to', 33, 3, 'yes', '2023-09-04 04:10:12'),
(1006, 'to', 33, 43, 'yes', '2023-09-04 04:10:12'),
(1007, 'to', 33, 21, 'yes', '2023-09-04 04:10:12'),
(1008, 'to', 33, 4, 'yes', '2023-09-04 04:10:12'),
(1009, 'to', 33, 2, 'yes', '2023-09-04 04:10:12'),
(1011, 'to', 33, 236, 'yes', '2023-09-04 04:10:12'),
(1012, 'to', 33, 76, 'yes', '2023-09-04 04:10:12'),
(1013, 'to', 33, 272, 'yes', '2023-09-04 04:10:12'),
(1014, 'cc', 33, 44, 'yes', '2023-09-04 04:10:12'),
(1015, 'cc', 33, 42, 'yes', '2023-09-04 04:10:12'),
(1016, 'to', 34, 43, 'yes', '2023-09-04 04:10:12'),
(1017, 'to', 34, 4, 'yes', '2023-09-04 04:10:12'),
(1018, 'to', 34, 236, 'yes', '2023-09-04 04:10:12'),
(1019, 'to', 34, 76, 'yes', '2023-09-04 04:10:12'),
(1020, 'to', 34, 272, 'yes', '2023-09-04 04:10:12'),
(1021, 'cc', 34, 42, 'yes', '2023-09-04 04:10:12'),
(1022, 'cc', 34, 44, 'yes', '2023-09-04 04:10:12'),
(1023, 'to', 35, 72, 'yes', '2023-09-04 04:10:12'),
(1024, 'to', 35, 23, 'yes', '2023-09-04 04:10:12'),
(1025, 'to', 35, 75, 'yes', '2023-09-04 04:10:12'),
(1026, 'cc', 35, 42, 'yes', '2023-09-04 04:10:12'),
(1027, 'cc', 35, 43, 'yes', '2023-09-04 04:10:12'),
(1028, 'bcc', 35, 44, 'yes', '2023-09-04 04:10:12'),
(1029, 'to', 36, 242, 'yes', '2023-09-04 04:10:12'),
(1030, 'to', 36, 273, 'yes', '2023-09-04 04:10:12'),
(1031, 'to', 36, 236, 'yes', '2023-09-04 04:10:12'),
(1032, 'to', 36, 76, 'yes', '2023-09-04 04:10:12'),
(1033, 'cc', 36, 3, 'yes', '2023-09-04 04:10:12'),
(1034, 'cc', 36, 42, 'yes', '2023-09-04 04:10:12'),
(1035, 'cc', 36, 46, 'yes', '2023-09-04 04:10:12'),
(1036, 'cc', 36, 58, 'yes', '2023-09-04 04:10:12'),
(1037, 'bcc', 36, 44, 'yes', '2023-09-04 04:10:12'),
(1038, 'to', 37, 1, 'yes', '2023-09-04 04:10:12'),
(1039, 'to', 37, 265, 'yes', '2023-09-04 04:10:12'),
(1040, 'to', 37, 113, 'yes', '2023-09-04 04:10:12'),
(1041, 'to', 37, 274, 'yes', '2023-09-04 04:10:12'),
(1042, 'to', 37, 114, 'yes', '2023-09-04 04:10:12'),
(1043, 'to', 37, 275, 'yes', '2023-09-04 04:10:12');
INSERT INTO `broadcasts` (`id`, `flag`, `dashboards_id`, `recipients_id`, `is_active`, `created_at`) VALUES
(1044, 'to', 37, 115, 'yes', '2023-09-04 04:10:12'),
(1045, 'to', 37, 276, 'yes', '2023-09-04 04:10:12'),
(1046, 'to', 37, 277, 'yes', '2023-09-04 04:10:12'),
(1047, 'to', 37, 278, 'yes', '2023-09-04 04:10:12'),
(1048, 'to', 37, 279, 'yes', '2023-09-04 04:10:12'),
(1049, 'to', 37, 280, 'yes', '2023-09-04 04:10:12'),
(1050, 'to', 37, 281, 'yes', '2023-09-04 04:10:12'),
(1051, 'to', 37, 173, 'yes', '2023-09-04 04:10:12'),
(1052, 'to', 37, 28, 'yes', '2023-09-04 04:10:12'),
(1053, 'to', 37, 183, 'yes', '2023-09-04 04:10:12'),
(1054, 'to', 37, 282, 'yes', '2023-09-04 04:10:12'),
(1055, 'to', 37, 283, 'yes', '2023-09-04 04:10:12'),
(1056, 'to', 37, 284, 'yes', '2023-09-04 04:10:12'),
(1057, 'to', 37, 285, 'yes', '2023-09-04 04:10:12'),
(1058, 'to', 37, 286, 'yes', '2023-09-04 04:10:12'),
(1059, 'to', 37, 287, 'yes', '2023-09-04 04:10:12'),
(1060, 'to', 37, 13, 'yes', '2023-09-04 04:10:12'),
(1061, 'to', 37, 288, 'yes', '2023-09-04 04:10:12'),
(1062, 'to', 37, 289, 'yes', '2023-09-04 04:10:12'),
(1063, 'to', 37, 290, 'yes', '2023-09-04 04:10:12'),
(1064, 'to', 37, 291, 'yes', '2023-09-04 04:10:12'),
(1065, 'to', 37, 292, 'yes', '2023-09-04 04:10:12'),
(1066, 'to', 37, 293, 'yes', '2023-09-04 04:10:12'),
(1067, 'to', 37, 31, 'yes', '2023-09-04 04:10:12'),
(1068, 'to', 37, 294, 'yes', '2023-09-04 04:10:12'),
(1069, 'to', 37, 295, 'yes', '2023-09-04 04:10:12'),
(1070, 'to', 37, 296, 'yes', '2023-09-04 04:10:12'),
(1071, 'to', 37, 297, 'yes', '2023-09-04 04:10:12'),
(1072, 'to', 37, 298, 'yes', '2023-09-04 04:10:12'),
(1073, 'to', 37, 299, 'yes', '2023-09-04 04:10:12'),
(1074, 'to', 37, 300, 'yes', '2023-09-04 04:10:12'),
(1075, 'to', 37, 301, 'yes', '2023-09-04 04:10:12'),
(1076, 'to', 37, 144, 'yes', '2023-09-04 04:10:12'),
(1077, 'to', 37, 34, 'yes', '2023-09-04 04:10:12'),
(1078, 'to', 37, 302, 'yes', '2023-09-04 04:10:12'),
(1079, 'to', 37, 303, 'yes', '2023-09-04 04:10:12'),
(1080, 'to', 37, 304, 'yes', '2023-09-04 04:10:12'),
(1081, 'to', 37, 305, 'yes', '2023-09-04 04:10:12'),
(1082, 'to', 37, 306, 'yes', '2023-09-04 04:10:12'),
(1083, 'to', 37, 35, 'yes', '2023-09-04 04:10:12'),
(1084, 'to', 37, 171, 'yes', '2023-09-04 04:10:12'),
(1085, 'to', 37, 307, 'yes', '2023-09-04 04:10:12'),
(1086, 'to', 37, 308, 'yes', '2023-09-04 04:10:12'),
(1087, 'to', 37, 309, 'yes', '2023-09-04 04:10:12'),
(1088, 'to', 37, 310, 'yes', '2023-09-04 04:10:12'),
(1089, 'to', 37, 174, 'yes', '2023-09-04 04:10:12'),
(1090, 'to', 37, 172, 'yes', '2023-09-04 04:10:12'),
(1091, 'to', 37, 311, 'yes', '2023-09-04 04:10:12'),
(1092, 'to', 37, 312, 'yes', '2023-09-04 04:10:12'),
(1093, 'to', 37, 313, 'yes', '2023-09-04 04:10:12'),
(1094, 'to', 37, 314, 'yes', '2023-09-04 04:10:12'),
(1095, 'to', 37, 315, 'yes', '2023-09-04 04:10:12'),
(1096, 'to', 37, 316, 'yes', '2023-09-04 04:10:12'),
(1097, 'to', 37, 201, 'yes', '2023-09-04 04:10:12'),
(1098, 'to', 37, 268, 'yes', '2023-09-04 04:10:12'),
(1099, 'to', 37, 317, 'yes', '2023-09-04 04:10:12'),
(1100, 'to', 37, 318, 'yes', '2023-09-04 04:10:12'),
(1101, 'to', 37, 319, 'yes', '2023-09-04 04:10:12'),
(1102, 'to', 37, 320, 'yes', '2023-09-04 04:10:12'),
(1103, 'to', 37, 321, 'yes', '2023-09-04 04:10:12'),
(1104, 'to', 37, 322, 'yes', '2023-09-04 04:10:12'),
(1105, 'to', 37, 36, 'yes', '2023-09-04 04:10:12'),
(1106, 'to', 37, 3, 'yes', '2023-09-04 04:10:12'),
(1107, 'to', 37, 42, 'yes', '2023-09-04 04:10:12'),
(1108, 'to', 37, 323, 'yes', '2023-09-04 04:10:12'),
(1109, 'to', 37, 37, 'yes', '2023-09-04 04:10:12'),
(1110, 'to', 37, 23, 'yes', '2023-09-04 04:10:12'),
(1111, 'to', 37, 75, 'yes', '2023-09-04 04:10:12'),
(1112, 'to', 37, 2, 'yes', '2023-09-04 04:10:12'),
(1113, 'bcc', 37, 44, 'yes', '2023-09-04 04:10:12'),
(1114, 'to', 38, 65, 'yes', '2023-09-04 04:10:12'),
(1115, 'cc', 38, 42, 'yes', '2023-09-04 04:10:12'),
(1116, 'cc', 38, 44, 'yes', '2023-09-04 04:10:12'),
(1117, 'to', 39, 3, 'yes', '2023-09-04 04:10:12'),
(1118, 'to', 39, 36, 'yes', '2023-09-04 04:10:12'),
(1119, 'to', 39, 34, 'yes', '2023-09-04 04:10:12'),
(1120, 'to', 39, 2, 'yes', '2023-09-04 04:10:12'),
(1121, 'to', 39, 179, 'yes', '2023-09-04 04:10:12'),
(1122, 'to', 39, 12, 'yes', '2023-09-04 04:10:12'),
(1123, 'to', 39, 147, 'yes', '2023-09-04 04:10:12'),
(1124, 'to', 39, 26, 'yes', '2023-09-04 04:10:12'),
(1125, 'to', 39, 18, 'yes', '2023-09-04 04:10:12'),
(1126, 'to', 39, 37, 'yes', '2023-09-04 04:10:12'),
(1127, 'to', 39, 19, 'yes', '2023-09-04 04:10:12'),
(1128, 'to', 39, 25, 'yes', '2023-09-04 04:10:12'),
(1129, 'to', 39, 33, 'yes', '2023-09-04 04:10:12'),
(1130, 'to', 39, 21, 'yes', '2023-09-04 04:10:12'),
(1131, 'to', 39, 22, 'yes', '2023-09-04 04:10:12'),
(1132, 'to', 39, 51, 'yes', '2023-09-04 04:10:12'),
(1133, 'to', 39, 62, 'yes', '2023-09-04 04:10:12'),
(1134, 'to', 39, 64, 'yes', '2023-09-04 04:10:12'),
(1135, 'to', 39, 63, 'yes', '2023-09-04 04:10:12'),
(1136, 'to', 39, 50, 'yes', '2023-09-04 04:10:12'),
(1137, 'to', 39, 257, 'yes', '2023-09-04 04:10:12'),
(1138, 'to', 39, 38, 'yes', '2023-09-04 04:10:12'),
(1139, 'to', 39, 10, 'yes', '2023-09-04 04:10:12'),
(1140, 'to', 39, 40, 'yes', '2023-09-04 04:10:12'),
(1141, 'to', 39, 39, 'yes', '2023-09-04 04:10:12'),
(1142, 'to', 39, 8, 'yes', '2023-09-04 04:10:12'),
(1143, 'bcc', 39, 42, 'yes', '2023-09-04 04:10:12'),
(1144, 'bcc', 39, 43, 'yes', '2023-09-04 04:10:12'),
(1145, 'bcc', 39, 44, 'yes', '2023-09-04 04:10:12'),
(1146, 'to', 40, 3, 'yes', '2023-09-04 04:10:12'),
(1147, 'to', 40, 36, 'yes', '2023-09-04 04:10:12'),
(1148, 'to', 40, 2, 'yes', '2023-09-04 04:10:12'),
(1149, 'to', 40, 4, 'yes', '2023-09-04 04:10:12'),
(1150, 'to', 40, 26, 'yes', '2023-09-04 04:10:12'),
(1151, 'to', 40, 51, 'yes', '2023-09-04 04:10:12'),
(1152, 'to', 40, 64, 'yes', '2023-09-04 04:10:12'),
(1153, 'to', 40, 62, 'yes', '2023-09-04 04:10:12'),
(1154, 'to', 40, 19, 'yes', '2023-09-04 04:10:12'),
(1155, 'to', 40, 63, 'yes', '2023-09-04 04:10:12'),
(1156, 'to', 40, 25, 'yes', '2023-09-04 04:10:12'),
(1157, 'to', 40, 21, 'yes', '2023-09-04 04:10:12'),
(1158, 'to', 40, 22, 'yes', '2023-09-04 04:10:12'),
(1159, 'to', 40, 257, 'yes', '2023-09-04 04:10:12'),
(1160, 'to', 40, 39, 'yes', '2023-09-04 04:10:12'),
(1161, 'to', 40, 40, 'yes', '2023-09-04 04:10:12'),
(1162, 'to', 40, 8, 'yes', '2023-09-04 04:10:12'),
(1163, 'bcc', 40, 42, 'yes', '2023-09-04 04:10:12'),
(1164, 'bcc', 40, 43, 'yes', '2023-09-04 04:10:12'),
(1165, 'bcc', 40, 44, 'yes', '2023-09-04 04:10:12'),
(1166, 'to', 41, 87, 'yes', '2023-09-04 04:10:12'),
(1167, 'to', 41, 3, 'yes', '2023-09-04 04:10:12'),
(1168, 'to', 41, 36, 'yes', '2023-09-04 04:10:12'),
(1169, 'to', 41, 1, 'yes', '2023-09-04 04:10:12'),
(1170, 'to', 41, 28, 'yes', '2023-09-04 04:10:12'),
(1171, 'to', 41, 13, 'yes', '2023-09-04 04:10:12'),
(1172, 'to', 41, 34, 'yes', '2023-09-04 04:10:12'),
(1173, 'to', 41, 35, 'yes', '2023-09-04 04:10:12'),
(1174, 'to', 41, 30, 'yes', '2023-09-04 04:10:12'),
(1175, 'to', 41, 27, 'yes', '2023-09-04 04:10:12'),
(1176, 'to', 41, 12, 'yes', '2023-09-04 04:10:12'),
(1177, 'to', 41, 215, 'yes', '2023-09-04 04:10:12'),
(1178, 'to', 41, 159, 'yes', '2023-09-04 04:10:12'),
(1179, 'to', 41, 5, 'yes', '2023-09-04 04:10:12'),
(1180, 'to', 41, 37, 'yes', '2023-09-04 04:10:12'),
(1181, 'to', 41, 324, 'yes', '2023-09-04 04:10:12'),
(1182, 'to', 41, 18, 'yes', '2023-09-04 04:10:12'),
(1183, 'to', 41, 179, 'yes', '2023-09-04 04:10:12'),
(1184, 'to', 41, 26, 'yes', '2023-09-04 04:10:12'),
(1185, 'to', 41, 325, 'yes', '2023-09-04 04:10:12'),
(1186, 'to', 41, 262, 'yes', '2023-09-04 04:10:12'),
(1187, 'to', 41, 145, 'yes', '2023-09-04 04:10:12'),
(1188, 'to', 41, 22, 'yes', '2023-09-04 04:10:12'),
(1189, 'to', 41, 326, 'yes', '2023-09-04 04:10:12'),
(1190, 'to', 41, 264, 'yes', '2023-09-04 04:10:12'),
(1191, 'to', 41, 235, 'yes', '2023-09-04 04:10:12'),
(1192, 'to', 41, 4, 'yes', '2023-09-04 04:10:12'),
(1193, 'to', 41, 147, 'yes', '2023-09-04 04:10:12'),
(1194, 'to', 41, 31, 'yes', '2023-09-04 04:10:12'),
(1195, 'to', 41, 19, 'yes', '2023-09-04 04:10:12'),
(1196, 'to', 41, 11, 'yes', '2023-09-04 04:10:12'),
(1197, 'to', 41, 140, 'yes', '2023-09-04 04:10:12'),
(1198, 'to', 41, 164, 'yes', '2023-09-04 04:10:12'),
(1199, 'to', 41, 327, 'yes', '2023-09-04 04:10:12'),
(1200, 'to', 41, 117, 'yes', '2023-09-04 04:10:12'),
(1201, 'to', 41, 328, 'yes', '2023-09-04 04:10:12'),
(1202, 'to', 41, 24, 'yes', '2023-09-04 04:10:12'),
(1203, 'to', 41, 143, 'yes', '2023-09-04 04:10:12'),
(1204, 'to', 41, 142, 'yes', '2023-09-04 04:10:12'),
(1205, 'to', 41, 180, 'yes', '2023-09-04 04:10:12'),
(1206, 'to', 41, 51, 'yes', '2023-09-04 04:10:12'),
(1207, 'to', 41, 2, 'yes', '2023-09-04 04:10:12'),
(1208, 'to', 41, 21, 'yes', '2023-09-04 04:10:12'),
(1209, 'to', 41, 64, 'yes', '2023-09-04 04:10:12'),
(1210, 'to', 41, 20, 'yes', '2023-09-04 04:10:12'),
(1211, 'to', 41, 65, 'yes', '2023-09-04 04:10:12'),
(1212, 'to', 41, 73, 'yes', '2023-09-04 04:10:12'),
(1213, 'to', 41, 239, 'yes', '2023-09-04 04:10:12'),
(1214, 'to', 41, 32, 'yes', '2023-09-04 04:10:12'),
(1215, 'to', 41, 257, 'yes', '2023-09-04 04:10:12'),
(1216, 'to', 41, 75, 'yes', '2023-09-04 04:10:12'),
(1217, 'to', 41, 72, 'yes', '2023-09-04 04:10:12'),
(1218, 'to', 41, 23, 'yes', '2023-09-04 04:10:12'),
(1219, 'to', 41, 119, 'yes', '2023-09-04 04:10:12'),
(1220, 'to', 41, 120, 'yes', '2023-09-04 04:10:12'),
(1221, 'to', 41, 121, 'yes', '2023-09-04 04:10:12'),
(1222, 'to', 41, 122, 'yes', '2023-09-04 04:10:12'),
(1223, 'to', 41, 33, 'yes', '2023-09-04 04:10:12'),
(1224, 'to', 41, 8, 'yes', '2023-09-04 04:10:12'),
(1225, 'bcc', 41, 42, 'yes', '2023-09-04 04:10:12'),
(1226, 'bcc', 41, 43, 'yes', '2023-09-04 04:10:12'),
(1227, 'bcc', 41, 44, 'yes', '2023-09-04 04:10:12'),
(1228, 'to', 42, 76, 'yes', '2023-09-04 04:10:12'),
(1229, 'to', 42, 236, 'yes', '2023-09-04 04:10:12'),
(1230, 'cc', 42, 42, 'yes', '2023-09-04 04:10:12'),
(1231, 'cc', 42, 44, 'yes', '2023-09-04 04:10:12'),
(1232, 'to', 43, 123, 'yes', '2023-09-04 04:10:12'),
(1233, 'to', 43, 124, 'yes', '2023-09-04 04:10:12'),
(1234, 'to', 43, 329, 'yes', '2023-09-04 04:10:12'),
(1235, 'to', 43, 330, 'yes', '2023-09-04 04:10:12'),
(1236, 'to', 43, 53, 'yes', '2023-09-04 04:10:12'),
(1237, 'to', 43, 67, 'yes', '2023-09-04 04:10:12'),
(1238, 'cc', 43, 236, 'yes', '2023-09-04 04:10:12'),
(1239, 'cc', 43, 76, 'yes', '2023-09-04 04:10:12'),
(1240, 'bcc', 43, 42, 'yes', '2023-09-04 04:10:12'),
(1241, 'bcc', 43, 44, 'yes', '2023-09-04 04:10:12'),
(1242, 'to', 44, 36, 'yes', '2023-09-04 04:10:12'),
(1243, 'to', 44, 159, 'yes', '2023-09-04 04:10:12'),
(1244, 'to', 44, 1, 'yes', '2023-09-04 04:10:12'),
(1245, 'to', 44, 34, 'yes', '2023-09-04 04:10:12'),
(1246, 'to', 44, 3, 'yes', '2023-09-04 04:10:12'),
(1247, 'to', 44, 248, 'yes', '2023-09-04 04:10:12'),
(1248, 'to', 44, 331, 'yes', '2023-09-04 04:10:12'),
(1249, 'to', 44, 73, 'yes', '2023-09-04 04:10:12'),
(1250, 'to', 44, 60, 'yes', '2023-09-04 04:10:12'),
(1251, 'to', 44, 49, 'yes', '2023-09-04 04:10:12'),
(1252, 'to', 44, 220, 'yes', '2023-09-04 04:10:12'),
(1253, 'to', 44, 218, 'yes', '2023-09-04 04:10:12'),
(1254, 'to', 44, 216, 'yes', '2023-09-04 04:10:12'),
(1255, 'to', 44, 262, 'yes', '2023-09-04 04:10:12'),
(1256, 'to', 44, 217, 'yes', '2023-09-04 04:10:12'),
(1257, 'to', 44, 332, 'yes', '2023-09-04 04:10:12'),
(1258, 'to', 44, 333, 'yes', '2023-09-04 04:10:12'),
(1259, 'to', 44, 302, 'yes', '2023-09-04 04:10:12'),
(1260, 'to', 44, 334, 'yes', '2023-09-04 04:10:12'),
(1261, 'to', 44, 4, 'yes', '2023-09-04 04:10:12'),
(1262, 'to', 44, 123, 'yes', '2023-09-04 04:10:12'),
(1263, 'to', 44, 236, 'yes', '2023-09-04 04:10:12'),
(1264, 'to', 44, 167, 'yes', '2023-09-04 04:10:12'),
(1265, 'to', 44, 335, 'yes', '2023-09-04 04:10:12'),
(1266, 'to', 44, 229, 'yes', '2023-09-04 04:10:12'),
(1267, 'to', 44, 235, 'yes', '2023-09-04 04:10:12'),
(1268, 'to', 44, 114, 'yes', '2023-09-04 04:10:12'),
(1269, 'to', 44, 336, 'yes', '2023-09-04 04:10:12'),
(1270, 'to', 44, 275, 'yes', '2023-09-04 04:10:12'),
(1271, 'to', 44, 337, 'yes', '2023-09-04 04:10:12'),
(1273, 'to', 44, 61, 'yes', '2023-09-04 04:10:12'),
(1274, 'to', 44, 35, 'yes', '2023-09-04 04:10:12'),
(1275, 'to', 44, 325, 'yes', '2023-09-04 04:10:12'),
(1276, 'to', 44, 145, 'yes', '2023-09-04 04:10:12'),
(1277, 'to', 44, 250, 'yes', '2023-09-04 04:10:12'),
(1278, 'to', 44, 233, 'yes', '2023-09-04 04:10:12'),
(1279, 'to', 44, 338, 'yes', '2023-09-04 04:10:12'),
(1280, 'to', 44, 339, 'yes', '2023-09-04 04:10:12'),
(1281, 'to', 44, 237, 'yes', '2023-09-04 04:10:12'),
(1282, 'to', 44, 119, 'yes', '2023-09-04 04:10:12'),
(1283, 'to', 44, 120, 'yes', '2023-09-04 04:10:12'),
(1284, 'to', 44, 121, 'yes', '2023-09-04 04:10:12'),
(1285, 'to', 44, 122, 'yes', '2023-09-04 04:10:12'),
(1286, 'to', 44, 65, 'yes', '2023-09-04 04:10:12'),
(1287, 'to', 44, 52, 'yes', '2023-09-04 04:10:12'),
(1288, 'to', 44, 59, 'yes', '2023-09-04 04:10:12'),
(1289, 'to', 44, 48, 'yes', '2023-09-04 04:10:12'),
(1290, 'bcc', 44, 42, 'yes', '2023-09-04 04:10:12'),
(1291, 'bcc', 44, 44, 'yes', '2023-09-04 04:10:12'),
(1292, 'to', 45, 23, 'yes', '2023-09-04 04:10:12'),
(1293, 'to', 45, 75, 'yes', '2023-09-04 04:10:12'),
(1294, 'to', 45, 72, 'yes', '2023-09-04 04:10:12'),
(1295, 'cc', 45, 42, 'yes', '2023-09-04 04:10:12'),
(1296, 'cc', 45, 43, 'yes', '2023-09-04 04:10:12'),
(1297, 'cc', 45, 44, 'yes', '2023-09-04 04:10:12'),
(1298, 'to', 46, 46, 'yes', '2023-09-04 04:10:12'),
(1299, 'to', 46, 47, 'yes', '2023-09-04 04:10:12'),
(1300, 'to', 46, 42, 'yes', '2023-09-04 04:10:12'),
(1301, 'to', 46, 48, 'yes', '2023-09-04 04:10:12'),
(1302, 'to', 46, 20, 'yes', '2023-09-04 04:10:12'),
(1303, 'to', 46, 49, 'yes', '2023-09-04 04:10:12'),
(1304, 'to', 46, 50, 'yes', '2023-09-04 04:10:12'),
(1305, 'to', 46, 21, 'yes', '2023-09-04 04:10:12'),
(1306, 'to', 46, 51, 'yes', '2023-09-04 04:10:12'),
(1307, 'to', 46, 52, 'yes', '2023-09-04 04:10:12'),
(1308, 'to', 46, 53, 'yes', '2023-09-04 04:10:12'),
(1309, 'to', 46, 54, 'yes', '2023-09-04 04:10:12'),
(1310, 'to', 46, 55, 'yes', '2023-09-04 04:10:12'),
(1311, 'to', 46, 56, 'yes', '2023-09-04 04:10:12'),
(1312, 'to', 46, 57, 'yes', '2023-09-04 04:10:12'),
(1313, 'to', 46, 58, 'yes', '2023-09-04 04:10:12'),
(1314, 'to', 46, 43, 'yes', '2023-09-04 04:10:12'),
(1315, 'to', 46, 59, 'yes', '2023-09-04 04:10:12'),
(1316, 'to', 46, 60, 'yes', '2023-09-04 04:10:12'),
(1317, 'to', 46, 61, 'yes', '2023-09-04 04:10:12'),
(1318, 'to', 46, 62, 'yes', '2023-09-04 04:10:12'),
(1319, 'to', 46, 22, 'yes', '2023-09-04 04:10:12'),
(1320, 'to', 46, 63, 'yes', '2023-09-04 04:10:12'),
(1321, 'to', 46, 64, 'yes', '2023-09-04 04:10:12'),
(1322, 'to', 46, 65, 'yes', '2023-09-04 04:10:12'),
(1323, 'to', 46, 66, 'yes', '2023-09-04 04:10:12'),
(1324, 'to', 46, 67, 'yes', '2023-09-04 04:10:12'),
(1325, 'to', 46, 68, 'yes', '2023-09-04 04:10:12'),
(1326, 'to', 46, 36, 'yes', '2023-09-04 04:10:12'),
(1327, 'to', 46, 69, 'yes', '2023-09-04 04:10:12'),
(1328, 'to', 46, 70, 'yes', '2023-09-04 04:10:12'),
(1329, 'to', 46, 71, 'yes', '2023-09-04 04:10:12'),
(1330, 'to', 46, 340, 'yes', '2023-09-04 04:10:12'),
(1331, 'to', 46, 265, 'yes', '2023-09-04 04:10:12'),
(1332, 'to', 46, 114, 'yes', '2023-09-04 04:10:12'),
(1333, 'to', 46, 113, 'yes', '2023-09-04 04:10:12'),
(1334, 'to', 46, 135, 'yes', '2023-09-04 04:10:12'),
(1335, 'to', 46, 72, 'yes', '2023-09-04 04:10:12'),
(1336, 'to', 46, 76, 'yes', '2023-09-04 04:10:12'),
(1337, 'to', 46, 77, 'yes', '2023-09-04 04:10:12'),
(1338, 'to', 46, 78, 'yes', '2023-09-04 04:10:12'),
(1339, 'to', 46, 79, 'yes', '2023-09-04 04:10:12'),
(1340, 'to', 46, 80, 'yes', '2023-09-04 04:10:12'),
(1341, 'to', 46, 81, 'yes', '2023-09-04 04:10:12'),
(1342, 'to', 46, 82, 'yes', '2023-09-04 04:10:12'),
(1343, 'to', 46, 83, 'yes', '2023-09-04 04:10:12'),
(1344, 'to', 46, 84, 'yes', '2023-09-04 04:10:12'),
(1345, 'to', 46, 85, 'yes', '2023-09-04 04:10:12'),
(1346, 'to', 46, 86, 'yes', '2023-09-04 04:10:12'),
(1347, 'cc', 46, 4, 'yes', '2023-09-04 04:10:12'),
(1348, 'cc', 46, 3, 'yes', '2023-09-04 04:10:12'),
(1349, 'cc', 46, 2, 'yes', '2023-09-04 04:10:12'),
(1350, 'cc', 46, 73, 'yes', '2023-09-04 04:10:12'),
(1351, 'cc', 46, 74, 'yes', '2023-09-04 04:10:12'),
(1352, 'cc', 46, 75, 'yes', '2023-09-04 04:10:12'),
(1353, 'cc', 46, 23, 'yes', '2023-09-04 04:10:12'),
(1354, 'bcc', 46, 44, 'yes', '2023-09-04 04:10:12'),
(1355, 'to', 47, 44, 'yes', '2023-09-04 04:10:12'),
(1356, 'to', 47, 63, 'yes', '2023-09-04 04:10:12'),
(1357, 'to', 47, 39, 'yes', '2023-09-04 04:10:12'),
(1358, 'to', 47, 33, 'yes', '2023-09-04 04:10:12'),
(1359, 'to', 47, 257, 'yes', '2023-09-04 04:10:12'),
(1360, 'to', 47, 25, 'yes', '2023-09-04 04:10:12'),
(1361, 'to', 47, 19, 'yes', '2023-09-04 04:10:12'),
(1362, 'to', 47, 38, 'yes', '2023-09-04 04:10:12'),
(1363, 'to', 47, 10, 'yes', '2023-09-04 04:10:12'),
(1364, 'to', 47, 9, 'yes', '2023-09-04 04:10:12'),
(1365, 'to', 47, 154, 'yes', '2023-09-04 04:10:12'),
(1366, 'to', 47, 8, 'yes', '2023-09-04 04:10:12'),
(1367, 'cc', 47, 42, 'yes', '2023-09-04 04:10:12'),
(1368, 'cc', 47, 21, 'yes', '2023-09-04 04:10:12'),
(1369, 'to', 48, 36, 'yes', '2023-09-04 04:10:12'),
(1370, 'to', 48, 161, 'yes', '2023-09-04 04:10:12'),
(1371, 'to', 48, 215, 'yes', '2023-09-04 04:10:12'),
(1372, 'to', 48, 3, 'yes', '2023-09-04 04:10:12'),
(1373, 'to', 48, 2, 'yes', '2023-09-04 04:10:12'),
(1374, 'to', 48, 4, 'yes', '2023-09-04 04:10:12'),
(1375, 'to', 48, 88, 'yes', '2023-09-04 04:10:12'),
(1376, 'to', 48, 341, 'yes', '2023-09-04 04:10:12'),
(1377, 'to', 48, 342, 'yes', '2023-09-04 04:10:12'),
(1378, 'to', 48, 75, 'yes', '2023-09-04 04:10:12'),
(1379, 'to', 48, 343, 'yes', '2023-09-04 04:10:12'),
(1380, 'to', 48, 344, 'yes', '2023-09-04 04:10:12'),
(1381, 'to', 48, 345, 'yes', '2023-09-04 04:10:12'),
(1382, 'to', 48, 323, 'yes', '2023-09-04 04:10:12'),
(1383, 'to', 48, 346, 'yes', '2023-09-04 04:10:12'),
(1384, 'to', 48, 18, 'yes', '2023-09-04 04:10:12'),
(1385, 'to', 48, 272, 'yes', '2023-09-04 04:10:12'),
(1386, 'to', 48, 147, 'yes', '2023-09-04 04:10:12'),
(1387, 'to', 48, 33, 'yes', '2023-09-04 04:10:12'),
(1388, 'to', 48, 51, 'yes', '2023-09-04 04:10:12'),
(1389, 'to', 48, 25, 'yes', '2023-09-04 04:10:12'),
(1390, 'to', 48, 43, 'yes', '2023-09-04 04:10:12'),
(1391, 'to', 48, 129, 'yes', '2023-09-04 04:10:12'),
(1392, 'to', 48, 235, 'yes', '2023-09-04 04:10:12'),
(1393, 'to', 48, 16, 'yes', '2023-09-04 04:10:12'),
(1394, 'to', 48, 26, 'yes', '2023-09-04 04:10:12'),
(1395, 'to', 48, 185, 'yes', '2023-09-04 04:10:12'),
(1396, 'to', 48, 74, 'yes', '2023-09-04 04:10:12'),
(1397, 'to', 48, 347, 'yes', '2023-09-04 04:10:12'),
(1398, 'to', 48, 348, 'yes', '2023-09-04 04:10:12'),
(1399, 'to', 48, 22, 'yes', '2023-09-04 04:10:12'),
(1400, 'cc', 48, 21, 'yes', '2023-09-04 04:10:12'),
(1401, 'cc', 48, 62, 'yes', '2023-09-04 04:10:12'),
(1402, 'bcc', 48, 44, 'yes', '2023-09-04 04:10:12'),
(1403, 'bcc', 48, 42, 'yes', '2023-09-04 04:10:12'),
(1404, 'to', 49, 349, 'yes', '2023-09-04 04:10:12'),
(1405, 'to', 49, 36, 'yes', '2023-09-04 04:10:12'),
(1406, 'to', 49, 350, 'yes', '2023-09-04 04:10:12'),
(1407, 'to', 49, 34, 'yes', '2023-09-04 04:10:12'),
(1408, 'to', 49, 351, 'yes', '2023-09-04 04:10:12'),
(1409, 'to', 49, 352, 'yes', '2023-09-04 04:10:12'),
(1410, 'to', 49, 353, 'yes', '2023-09-04 04:10:12'),
(1411, 'to', 49, 354, 'yes', '2023-09-04 04:10:12'),
(1412, 'to', 49, 355, 'yes', '2023-09-04 04:10:12'),
(1413, 'to', 49, 356, 'yes', '2023-09-04 04:10:12'),
(1414, 'to', 49, 357, 'yes', '2023-09-04 04:10:12'),
(1415, 'to', 49, 358, 'yes', '2023-09-04 04:10:12'),
(1416, 'to', 49, 50, 'yes', '2023-09-04 04:10:12'),
(1417, 'to', 49, 62, 'yes', '2023-09-04 04:10:12'),
(1418, 'to', 49, 2, 'yes', '2023-09-04 04:10:12'),
(1419, 'to', 49, 64, 'yes', '2023-09-04 04:10:12'),
(1420, 'to', 49, 51, 'yes', '2023-09-04 04:10:12'),
(1421, 'to', 49, 123, 'yes', '2023-09-04 04:10:12'),
(1422, 'to', 49, 359, 'yes', '2023-09-04 04:10:12'),
(1423, 'to', 49, 4, 'yes', '2023-09-04 04:10:12'),
(1424, 'to', 49, 360, 'yes', '2023-09-04 04:10:12'),
(1425, 'to', 49, 361, 'yes', '2023-09-04 04:10:12'),
(1426, 'to', 49, 172, 'yes', '2023-09-04 04:10:12'),
(1427, 'to', 49, 40, 'yes', '2023-09-04 04:10:12'),
(1428, 'to', 49, 362, 'yes', '2023-09-04 04:10:12'),
(1429, 'to', 49, 363, 'yes', '2023-09-04 04:10:12'),
(1430, 'to', 49, 364, 'yes', '2023-09-04 04:10:12'),
(1431, 'to', 49, 365, 'yes', '2023-09-04 04:10:12'),
(1432, 'to', 49, 366, 'yes', '2023-09-04 04:10:12'),
(1433, 'to', 49, 367, 'yes', '2023-09-04 04:10:12'),
(1434, 'to', 49, 368, 'yes', '2023-09-04 04:10:12'),
(1435, 'to', 49, 21, 'yes', '2023-09-04 04:10:12'),
(1436, 'to', 49, 22, 'yes', '2023-09-04 04:10:12'),
(1437, 'to', 49, 63, 'yes', '2023-09-04 04:10:12'),
(1438, 'to', 49, 137, 'yes', '2023-09-04 04:10:12'),
(1439, 'to', 49, 145, 'yes', '2023-09-04 04:10:12'),
(1440, 'to', 49, 119, 'yes', '2023-09-04 04:10:12'),
(1441, 'to', 49, 120, 'yes', '2023-09-04 04:10:12'),
(1442, 'to', 49, 121, 'yes', '2023-09-04 04:10:12'),
(1443, 'to', 49, 122, 'yes', '2023-09-04 04:10:12'),
(1444, 'to', 49, 369, 'yes', '2023-09-04 04:10:12'),
(1445, 'to', 49, 43, 'yes', '2023-09-04 04:10:12'),
(1447, 'to', 49, 370, 'yes', '2023-09-04 04:10:12'),
(1448, 'to', 49, 371, 'yes', '2023-09-04 04:10:12'),
(1449, 'to', 49, 372, 'yes', '2023-09-04 04:10:12'),
(1450, 'bcc', 49, 44, 'yes', '2023-09-04 04:10:12'),
(1451, 'bcc', 49, 42, 'yes', '2023-09-04 04:10:12'),
(1452, 'to', 50, 36, 'yes', '2023-09-04 04:10:12'),
(1453, 'to', 50, 3, 'yes', '2023-09-04 04:10:12'),
(1454, 'to', 50, 74, 'yes', '2023-09-04 04:10:12'),
(1455, 'to', 50, 43, 'yes', '2023-09-04 04:10:12'),
(1456, 'to', 50, 272, 'yes', '2023-09-04 04:10:12'),
(1457, 'to', 50, 373, 'yes', '2023-09-04 04:10:12'),
(1458, 'to', 50, 374, 'yes', '2023-09-04 04:10:12'),
(1459, 'to', 50, 269, 'yes', '2023-09-04 04:10:12'),
(1460, 'to', 50, 236, 'yes', '2023-09-04 04:10:12'),
(1461, 'to', 50, 76, 'yes', '2023-09-04 04:10:12'),
(1462, 'cc', 50, 4, 'yes', '2023-09-04 04:10:12'),
(1463, 'bcc', 50, 44, 'yes', '2023-09-04 04:10:12'),
(1464, 'bcc', 50, 42, 'yes', '2023-09-04 04:10:12'),
(1465, 'to', 51, 36, 'yes', '2023-09-04 04:10:12'),
(1466, 'to', 51, 34, 'yes', '2023-09-04 04:10:12'),
(1467, 'to', 51, 1, 'yes', '2023-09-04 04:10:12'),
(1468, 'to', 51, 12, 'yes', '2023-09-04 04:10:12'),
(1469, 'to', 51, 27, 'yes', '2023-09-04 04:10:12'),
(1470, 'to', 51, 11, 'yes', '2023-09-04 04:10:12'),
(1471, 'to', 51, 201, 'yes', '2023-09-04 04:10:12'),
(1472, 'to', 51, 235, 'yes', '2023-09-04 04:10:12'),
(1473, 'to', 51, 256, 'yes', '2023-09-04 04:10:12'),
(1474, 'to', 51, 33, 'yes', '2023-09-04 04:10:12'),
(1475, 'to', 51, 375, 'yes', '2023-09-04 04:10:12'),
(1476, 'to', 51, 2, 'yes', '2023-09-04 04:10:12'),
(1477, 'to', 51, 50, 'yes', '2023-09-04 04:10:12'),
(1478, 'to', 51, 64, 'yes', '2023-09-04 04:10:12'),
(1479, 'to', 51, 73, 'yes', '2023-09-04 04:10:12'),
(1480, 'to', 51, 343, 'yes', '2023-09-04 04:10:12'),
(1481, 'to', 51, 176, 'yes', '2023-09-04 04:10:12'),
(1482, 'to', 51, 376, 'yes', '2023-09-04 04:10:12'),
(1483, 'to', 51, 264, 'yes', '2023-09-04 04:10:12'),
(1484, 'to', 51, 75, 'yes', '2023-09-04 04:10:12'),
(1485, 'to', 51, 23, 'yes', '2023-09-04 04:10:12'),
(1486, 'to', 51, 257, 'yes', '2023-09-04 04:10:12'),
(1487, 'to', 51, 72, 'yes', '2023-09-04 04:10:12'),
(1488, 'to', 51, 62, 'yes', '2023-09-04 04:10:12'),
(1489, 'to', 51, 21, 'yes', '2023-09-04 04:10:12'),
(1490, 'to', 51, 51, 'yes', '2023-09-04 04:10:12'),
(1491, 'to', 51, 22, 'yes', '2023-09-04 04:10:12'),
(1492, 'to', 51, 39, 'yes', '2023-09-04 04:10:12'),
(1493, 'to', 51, 377, 'yes', '2023-09-04 04:10:12'),
(1494, 'to', 51, 63, 'yes', '2023-09-04 04:10:12'),
(1495, 'to', 51, 37, 'yes', '2023-09-04 04:10:12'),
(1496, 'to', 51, 250, 'yes', '2023-09-04 04:10:12'),
(1497, 'bcc', 51, 44, 'yes', '2023-09-04 04:10:12'),
(1498, 'bcc', 51, 42, 'yes', '2023-09-04 04:10:12'),
(1499, 'to', 52, 36, 'yes', '2023-09-04 04:10:12'),
(1500, 'to', 52, 34, 'yes', '2023-09-04 04:10:12'),
(1501, 'to', 52, 12, 'yes', '2023-09-04 04:10:12'),
(1502, 'to', 52, 1, 'yes', '2023-09-04 04:10:12'),
(1503, 'to', 52, 215, 'yes', '2023-09-04 04:10:12'),
(1650, 'to', 30, 425, 'yes', '2023-09-04 04:10:12'),
(1651, 'to', 30, 426, 'yes', '2023-09-04 04:10:12'),
(1652, 'to', 30, 427, 'yes', '2023-09-04 04:10:12'),
(1653, 'to', 30, 428, 'yes', '2023-09-04 04:10:12'),
(1654, 'to', 30, 429, 'yes', '2023-09-04 04:10:12'),
(1655, 'to', 30, 323, 'yes', '2023-09-04 04:10:12'),
(1656, 'to', 30, 347, 'yes', '2023-09-04 04:10:12'),
(1657, 'to', 31, 425, 'yes', '2023-09-04 04:10:12'),
(1658, 'to', 31, 426, 'yes', '2023-09-04 04:10:12'),
(1659, 'to', 31, 427, 'yes', '2023-09-04 04:10:12'),
(1660, 'to', 31, 428, 'yes', '2023-09-04 04:10:12'),
(1661, 'to', 31, 429, 'yes', '2023-09-04 04:10:12'),
(1662, 'to', 31, 323, 'yes', '2023-09-04 04:10:12'),
(1663, 'to', 31, 347, 'yes', '2023-09-04 04:10:12'),
(1664, 'to', 1, 425, 'yes', '2023-09-04 04:10:12'),
(1665, 'to', 1, 426, 'yes', '2023-09-04 04:10:12'),
(1666, 'to', 1, 427, 'yes', '2023-09-04 04:10:12'),
(1667, 'to', 1, 428, 'yes', '2023-09-04 04:10:12'),
(1668, 'to', 1, 429, 'yes', '2023-09-04 04:10:12'),
(1669, 'to', 1, 323, 'yes', '2023-09-04 04:10:12'),
(1670, 'to', 1, 347, 'yes', '2023-09-04 04:10:12'),
(1671, 'to', 2, 425, 'yes', '2023-09-04 04:10:12'),
(1672, 'to', 2, 426, 'yes', '2023-09-04 04:10:12'),
(1673, 'to', 2, 427, 'yes', '2023-09-04 04:10:12'),
(1674, 'to', 2, 428, 'yes', '2023-09-04 04:10:12'),
(1675, 'to', 2, 429, 'yes', '2023-09-04 04:10:12'),
(1676, 'to', 2, 323, 'yes', '2023-09-04 04:10:12'),
(1677, 'to', 2, 347, 'yes', '2023-09-04 04:10:12'),
(1678, 'to', 20, 425, 'yes', '2023-09-04 04:10:12'),
(1679, 'to', 20, 426, 'yes', '2023-09-04 04:10:12'),
(1680, 'to', 20, 427, 'yes', '2023-09-04 04:10:12'),
(1681, 'to', 20, 428, 'yes', '2023-09-04 04:10:12'),
(1682, 'to', 20, 429, 'yes', '2023-09-04 04:10:12'),
(1683, 'to', 20, 323, 'yes', '2023-09-04 04:10:12'),
(1684, 'to', 20, 347, 'yes', '2023-09-04 04:10:12'),
(1685, 'to', 27, 425, 'yes', '2023-09-04 04:10:12'),
(1686, 'to', 27, 426, 'yes', '2023-09-04 04:10:12'),
(1687, 'to', 27, 427, 'yes', '2023-09-04 04:10:12'),
(1688, 'to', 27, 428, 'yes', '2023-09-04 04:10:12'),
(1689, 'to', 27, 429, 'yes', '2023-09-04 04:10:12'),
(1690, 'to', 27, 323, 'yes', '2023-09-04 04:10:12'),
(1691, 'to', 27, 347, 'yes', '2023-09-04 04:10:12'),
(1692, 'to', 28, 425, 'yes', '2023-09-04 04:10:12'),
(1693, 'to', 28, 426, 'yes', '2023-09-04 04:10:12'),
(1694, 'to', 28, 427, 'yes', '2023-09-04 04:10:12'),
(1695, 'to', 28, 428, 'yes', '2023-09-04 04:10:12'),
(1696, 'to', 28, 429, 'yes', '2023-09-04 04:10:12'),
(1697, 'to', 28, 323, 'yes', '2023-09-04 04:10:12'),
(1698, 'to', 28, 347, 'yes', '2023-09-04 04:10:12'),
(1699, 'to', 29, 425, 'yes', '2023-09-04 04:10:12'),
(1700, 'to', 29, 426, 'yes', '2023-09-04 04:10:12'),
(1701, 'to', 29, 427, 'yes', '2023-09-04 04:10:12'),
(1702, 'to', 29, 428, 'yes', '2023-09-04 04:10:12'),
(1703, 'to', 29, 429, 'yes', '2023-09-04 04:10:12'),
(1704, 'to', 29, 323, 'yes', '2023-09-04 04:10:12'),
(1705, 'to', 29, 347, 'yes', '2023-09-04 04:10:12'),
(1706, 'to', 13, 425, 'yes', '2023-09-04 04:10:12'),
(1707, 'to', 13, 426, 'yes', '2023-09-04 04:10:12'),
(1708, 'to', 13, 427, 'yes', '2023-09-04 04:10:12'),
(1709, 'to', 13, 428, 'yes', '2023-09-04 04:10:12'),
(1710, 'to', 13, 429, 'yes', '2023-09-04 04:10:12'),
(1711, 'to', 13, 323, 'yes', '2023-09-04 04:10:12'),
(1712, 'to', 13, 347, 'yes', '2023-09-04 04:10:12'),
(1713, 'to', 32, 425, 'yes', '2023-09-04 04:10:12'),
(1714, 'to', 32, 426, 'yes', '2023-09-04 04:10:12'),
(1715, 'to', 32, 427, 'yes', '2023-09-04 04:10:12'),
(1716, 'to', 32, 428, 'yes', '2023-09-04 04:10:12'),
(1717, 'to', 32, 429, 'yes', '2023-09-04 04:10:12'),
(1718, 'to', 32, 323, 'yes', '2023-09-04 04:10:12'),
(1719, 'to', 32, 347, 'yes', '2023-09-04 04:10:12'),
(1720, 'to', 39, 425, 'yes', '2023-09-04 04:10:12'),
(1721, 'to', 39, 426, 'yes', '2023-09-04 04:10:12'),
(1722, 'to', 39, 427, 'yes', '2023-09-04 04:10:12'),
(1723, 'to', 39, 428, 'yes', '2023-09-04 04:10:12'),
(1724, 'to', 39, 429, 'yes', '2023-09-04 04:10:12'),
(1725, 'to', 39, 323, 'yes', '2023-09-04 04:10:12'),
(1726, 'to', 39, 347, 'yes', '2023-09-04 04:10:12'),
(1727, 'to', 40, 425, 'yes', '2023-09-04 04:10:12'),
(1728, 'to', 40, 426, 'yes', '2023-09-04 04:10:12'),
(1729, 'to', 40, 427, 'yes', '2023-09-04 04:10:12'),
(1730, 'to', 40, 428, 'yes', '2023-09-04 04:10:12'),
(1731, 'to', 40, 429, 'yes', '2023-09-04 04:10:12'),
(1732, 'to', 40, 323, 'yes', '2023-09-04 04:10:12'),
(1733, 'to', 40, 347, 'yes', '2023-09-04 04:10:12'),
(1734, 'to', 41, 425, 'yes', '2023-09-04 04:10:12'),
(1735, 'to', 41, 426, 'yes', '2023-09-04 04:10:12'),
(1736, 'to', 41, 427, 'yes', '2023-09-04 04:10:12'),
(1737, 'to', 41, 428, 'yes', '2023-09-04 04:10:12'),
(1738, 'to', 41, 429, 'yes', '2023-09-04 04:10:12'),
(1739, 'to', 41, 323, 'yes', '2023-09-04 04:10:12'),
(1740, 'to', 41, 347, 'yes', '2023-09-04 04:10:12'),
(1741, 'to', 48, 425, 'yes', '2023-09-04 04:10:12'),
(1742, 'to', 48, 426, 'yes', '2023-09-04 04:10:12'),
(1743, 'to', 48, 427, 'yes', '2023-09-04 04:10:12'),
(1744, 'to', 48, 428, 'yes', '2023-09-04 04:10:12'),
(1745, 'to', 48, 429, 'yes', '2023-09-04 04:10:12'),
(1746, 'to', 52, 214, 'yes', '2023-09-04 04:10:12'),
(1747, 'bcc', 54, 44, 'yes', '2023-09-04 04:10:12'),
(1816, 'to', 55, 36, 'yes', '2023-09-04 04:10:12'),
(1817, 'to', 55, 34, 'yes', '2023-09-04 04:10:12'),
(1818, 'to', 55, 1, 'yes', '2023-09-04 04:10:12'),
(1819, 'to', 55, 12, 'yes', '2023-09-04 04:10:12'),
(1820, 'to', 55, 27, 'yes', '2023-09-04 04:10:12'),
(1821, 'to', 55, 15, 'yes', '2023-09-04 04:10:12'),
(1822, 'to', 55, 159, 'yes', '2023-09-04 04:10:12'),
(1823, 'to', 55, 11, 'yes', '2023-09-04 04:10:12'),
(1824, 'to', 55, 215, 'yes', '2023-09-04 04:10:12'),
(1825, 'to', 55, 2, 'yes', '2023-09-04 04:10:12'),
(1826, 'to', 55, 21, 'yes', '2023-09-04 04:10:12'),
(1827, 'to', 55, 22, 'yes', '2023-09-04 04:10:12'),
(1828, 'to', 55, 50, 'yes', '2023-09-04 04:10:12'),
(1829, 'to', 55, 62, 'yes', '2023-09-04 04:10:12'),
(1830, 'to', 55, 51, 'yes', '2023-09-04 04:10:12'),
(1831, 'to', 55, 64, 'yes', '2023-09-04 04:10:12'),
(1832, 'to', 55, 24, 'yes', '2023-09-04 04:10:12'),
(1833, 'to', 55, 23, 'yes', '2023-09-04 04:10:12'),
(1834, 'to', 55, 325, 'yes', '2023-09-04 04:10:12'),
(1835, 'to', 55, 145, 'yes', '2023-09-04 04:10:12'),
(1836, 'to', 55, 140, 'yes', '2023-09-04 04:10:12'),
(1837, 'to', 55, 3, 'yes', '2023-09-04 04:10:12'),
(1838, 'to', 55, 42, 'yes', '2023-09-04 04:10:12'),
(1839, 'to', 55, 235, 'yes', '2023-09-04 04:10:12'),
(1840, 'to', 55, 343, 'yes', '2023-09-04 04:10:12'),
(1841, 'to', 55, 376, 'yes', '2023-09-04 04:10:12'),
(1842, 'to', 55, 176, 'yes', '2023-09-04 04:10:12'),
(1843, 'to', 55, 197, 'yes', '2023-09-04 04:10:12'),
(1844, 'to', 55, 114, 'yes', '2023-09-04 04:10:12'),
(1845, 'to', 55, 26, 'yes', '2023-09-04 04:10:12'),
(1846, 'to', 55, 179, 'yes', '2023-09-04 04:10:12'),
(1847, 'to', 55, 377, 'yes', '2023-09-04 04:10:12'),
(1848, 'to', 55, 75, 'yes', '2023-09-04 04:10:12'),
(1849, 'to', 55, 147, 'yes', '2023-09-04 04:10:12'),
(1850, 'to', 55, 214, 'yes', '2023-09-04 04:10:12'),
(1851, 'to', 55, 25, 'yes', '2023-09-04 04:10:12'),
(1852, 'to', 55, 18, 'yes', '2023-09-04 04:10:12'),
(1853, 'to', 55, 377, 'yes', '2023-09-04 04:10:12'),
(1854, 'to', 55, 227, 'yes', '2023-09-04 04:10:12'),
(1855, 'to', 55, 138, 'yes', '2023-09-04 04:10:12'),
(1856, 'to', 55, 228, 'yes', '2023-09-04 04:10:12'),
(1857, 'to', 55, 45, 'yes', '2023-09-04 04:10:12'),
(1858, 'to', 55, 153, 'yes', '2023-09-04 04:10:12'),
(1859, 'to', 55, 148, 'yes', '2023-09-04 04:10:12'),
(1860, 'to', 55, 156, 'yes', '2023-09-04 04:10:12'),
(1861, 'to', 55, 411, 'yes', '2023-09-04 04:10:12'),
(1862, 'to', 55, 343, 'yes', '2023-09-04 04:10:12'),
(1863, 'to', 55, 115, 'yes', '2023-09-04 04:10:12'),
(1864, 'to', 55, 113, 'yes', '2023-09-04 04:10:12'),
(1865, 'to', 55, 276, 'yes', '2023-09-04 04:10:12'),
(1866, 'to', 55, 274, 'yes', '2023-09-04 04:10:12'),
(1867, 'to', 55, 394, 'yes', '2023-09-04 04:10:12'),
(1868, 'to', 55, 63, 'yes', '2023-09-04 04:10:12'),
(1869, 'to', 55, 37, 'yes', '2023-09-04 04:10:12'),
(1870, 'to', 55, 265, 'yes', '2023-09-04 04:10:12'),
(1871, 'to', 55, 155, 'yes', '2023-09-04 04:10:12'),
(1872, 'to', 55, 261, 'yes', '2023-09-04 04:10:12'),
(1873, 'to', 55, 195, 'yes', '2023-09-04 04:10:12'),
(1874, 'to', 55, 194, 'yes', '2023-09-04 04:10:12'),
(1875, 'to', 55, 121, 'yes', '2023-09-04 04:10:12'),
(1876, 'to', 55, 122, 'yes', '2023-09-04 04:10:12'),
(1877, 'to', 55, 257, 'yes', '2023-09-04 04:10:12'),
(1878, 'to', 55, 151, 'yes', '2023-09-04 04:10:12'),
(1879, 'to', 55, 185, 'yes', '2023-09-04 04:10:12'),
(1880, 'to', 55, 8, 'yes', '2023-09-04 04:10:12'),
(1881, 'to', 55, 425, 'yes', '2023-09-04 04:10:12'),
(1882, 'to', 55, 347, 'yes', '2023-09-04 04:10:12'),
(1883, 'to', 55, 426, 'yes', '2023-09-04 04:10:12'),
(1884, 'to', 55, 323, 'yes', '2023-09-04 04:10:12'),
(1885, 'to', 55, 427, 'yes', '2023-09-04 04:10:12'),
(1886, 'to', 55, 428, 'yes', '2023-09-04 04:10:12'),
(1887, 'to', 55, 429, 'yes', '2023-09-04 04:10:12'),
(1888, 'bcc', 55, 44, 'yes', '2023-09-04 04:10:12'),
(1889, 'to', 54, 26, 'yes', '2023-09-04 04:10:12'),
(1890, 'to', 54, 140, 'yes', '2023-09-04 04:10:12'),
(1891, 'to', 54, 377, 'yes', '2023-09-04 04:10:12'),
(1892, 'to', 54, 25, 'yes', '2023-09-04 04:10:12'),
(1893, 'to', 54, 19, 'yes', '2023-09-04 04:10:12'),
(1894, 'to', 54, 22, 'yes', '2023-09-04 04:10:12'),
(1895, 'to', 54, 63, 'yes', '2023-09-04 04:10:12'),
(1896, 'to', 54, 64, 'yes', '2023-09-04 04:10:12'),
(1897, 'to', 54, 50, 'yes', '2023-09-04 04:10:12'),
(1898, 'to', 54, 43, 'yes', '2023-09-04 04:10:12'),
(1899, 'to', 54, 62, 'yes', '2023-09-04 04:10:12'),
(1900, 'to', 54, 51, 'yes', '2023-09-04 04:10:12'),
(1901, 'to', 54, 137, 'yes', '2023-09-04 04:10:12'),
(1902, 'cc', 54, 3, 'yes', '2023-09-04 04:10:12'),
(1903, 'cc', 54, 21, 'yes', '2023-09-04 04:10:12'),
(1904, 'cc', 54, 4, 'yes', '2023-09-04 04:10:12'),
(1905, 'bcc', 54, 42, 'yes', '2023-09-04 04:10:12'),
(1907, 'to', 55, 430, 'yes', '2023-09-04 04:10:12'),
(1908, 'to', 55, 431, 'yes', '2023-09-04 04:10:12'),
(1909, 'to', 55, 432, 'yes', '2023-09-04 04:10:12'),
(1910, 'to', 55, 433, 'yes', '2023-09-04 04:10:12'),
(1911, 'to', 55, 434, 'yes', '2023-09-04 04:10:12'),
(1912, 'to', 55, 435, 'yes', '2023-09-04 04:10:12'),
(1913, 'to', 54, 435, 'yes', '2023-09-04 04:10:12'),
(1914, 'to', 14, 71, 'yes', '2023-09-04 04:10:12'),
(1915, 'to', 14, 378, 'yes', '2023-09-04 04:10:12'),
(1918, 'to', 14, 436, 'yes', '2023-09-04 04:10:12'),
(1919, 'to', 8, 146, 'yes', '2023-09-04 04:10:12'),
(1920, 'to', 5, 437, 'yes', '2023-09-05 02:01:50'),
(1921, 'to', 18, 124, 'yes', '2023-09-05 02:14:20'),
(1922, 'to', 18, 359, 'yes', '2023-09-05 02:14:20'),
(1923, 'to', 21, 124, 'yes', '2023-09-05 02:14:43'),
(1924, 'to', 21, 359, 'yes', '2023-09-05 02:14:43'),
(1925, 'to', 22, 124, 'yes', '2023-09-05 02:15:10'),
(1926, 'to', 22, 359, 'yes', '2023-09-05 02:15:10'),
(1927, 'to', 20, 185, 'yes', '2023-09-08 06:36:40'),
(1928, 'to', 50, 35, 'yes', '2023-09-11 02:34:10'),
(1929, 'to', 50, 174, 'yes', '2023-09-11 02:34:10'),
(1930, 'to', 50, 438, 'yes', '2023-09-11 02:34:10'),
(1931, 'to', 50, 439, 'yes', '2023-09-11 02:34:10'),
(1932, 'to', 50, 440, 'yes', '2023-09-11 02:34:10'),
(1933, 'to', 50, 441, 'yes', '2023-09-11 02:34:10'),
(1934, 'to', 50, 442, 'yes', '2023-09-11 02:34:10'),
(1935, 'to', 50, 443, 'yes', '2023-09-11 02:34:10'),
(1936, 'to', 50, 444, 'yes', '2023-09-11 02:34:10'),
(1937, 'to', 50, 445, 'yes', '2023-09-11 02:34:10'),
(1938, 'to', 55, 446, 'yes', '2023-09-11 06:58:34'),
(1939, 'to', 55, 447, 'yes', '2023-09-11 06:58:34');

-- --------------------------------------------------------

--
-- Struktur dari tabel `categories`
--

CREATE TABLE `categories` (
  `category_id` int(11) NOT NULL,
  `category_name` varchar(225) NOT NULL
) ENGINE=InnoDB DEFAULT CHARSET=utf8mb4;

--
-- Dumping data untuk tabel `categories`
--

INSERT INTO `categories` (`category_id`, `category_name`) VALUES
(1, 'Prepaid'),
(2, 'Postpaid'),
(3, 'CVM'),
(4, 'FMC'),
(5, 'Digital'),
(12, 'External Insights');

-- --------------------------------------------------------

--
-- Struktur dari tabel `dashboard`
--

CREATE TABLE `dashboard` (
  `dashboard_id` int(11) NOT NULL,
  `category_id` int(11) NOT NULL,
  `dashboard_name` varchar(225) NOT NULL,
  `description` text NOT NULL,
  `visualization_type` text DEFAULT NULL,
  `embed_url` text DEFAULT NULL,
  `view_name` text DEFAULT NULL,
  `image` text DEFAULT NULL,
  `dashboard_status` int(11) NOT NULL,
  `created_at` timestamp NULL DEFAULT NULL ON UPDATE current_timestamp()
) ENGINE=InnoDB DEFAULT CHARSET=utf8mb4;

--
-- Dumping data untuk tabel `dashboard`
--

INSERT INTO `dashboard` (`dashboard_id`, `category_id`, `dashboard_name`, `description`, `visualization_type`, `embed_url`, `view_name`, `image`, `dashboard_status`, `created_at`) VALUES
(1, 12, 'Customer Satisfaction Index Dashboard', 'Lorem Ipsum is simply dummy text of the printing and typesetting industry. Lorem Ipsum has been the industry\'s standard dummy text ever since the 1500s, when an unknown printer took a galley of type and scrambled it to make a type specimen book.', 'Tableau', 'http://localhost:3001/superseru', 'CSIDashboard/Home', '1694427766_CSI.png', 1, '2024-02-09 04:01:33');

-- --------------------------------------------------------

--
-- Struktur dari tabel `dashboards`
--

CREATE TABLE `dashboards` (
  `id` int(11) NOT NULL,
  `name` varchar(225) NOT NULL,
  `category` varchar(128) NOT NULL,
  `is_active` enum('yes','no','','') NOT NULL,
  `description` text NOT NULL,
  `pic` varchar(225) NOT NULL
) ENGINE=InnoDB DEFAULT CHARSET=utf8mb4;

--
-- Dumping data untuk tabel `dashboards`
--

INSERT INTO `dashboards` (`id`, `name`, `category`, `is_active`, `description`, `pic`) VALUES
(1, 'Hourly Dashboard - Combo Tracking Result', 'Hourly', 'yes', '', ''),
(2, 'Hourly Dashboard Internet Sakti', 'Hourly', 'yes', '', ''),
(3, 'Daily Monitoring Tabel Multidim VS Pre DD', 'Alert', 'yes', '', ''),
(4, 'Alert Hadoop Usage', 'Alert', 'yes', '', ''),
(5, 'Alert Payload UPCC', 'Alert', 'yes', '', ''),
(6, 'Daily Monitoring  Balance Transfer/Pulsa', 'Alert', 'yes', '', ''),
(7, 'Daily Monitoring Tabel BBA vs Merge', 'Alert', 'yes', '', ''),
(8, 'Daily Postpaid MTD Performance', 'Daily', 'yes', '', ''),
(9, 'Alert ByU Source', 'Alert', 'yes', '', ''),
(10, 'Alert MyTelkomsel Source', 'Alert', 'yes', '', ''),
(11, 'Alert BCP Source', 'Alert', 'yes', '', ''),
(12, 'Alert Churn Prepaid', 'Alert', 'yes', '', ''),
(13, 'Daily Voice Performance', 'Daily', 'yes', '', ''),
(14, 'Daily MyTelkomsel', 'Daily', 'yes', '', ''),
(15, 'Rotational Sales', '', 'yes', '', ''),
(16, 'Hourly Weeked Deal Voice Report', 'Hourly', 'yes', '', ''),
(17, 'Orbit Source', 'Alert', 'yes', '', ''),
(18, 'Daily Video', 'Daily', 'yes', '', ''),
(19, 'All Alert', 'Alert', 'yes', '', ''),
(20, 'Hourly Portfolio Tracking', 'Hourly', 'yes', '', ''),
(21, 'Daily Games', 'Daily', 'yes', '', ''),
(22, 'Daily Music', 'Daily', 'yes', '', ''),
(23, 'FixedBB', 'Daily', 'yes', '', ''),
(24, 'Daily Ketengan Package', 'Daily', 'yes', '', ''),
(25, 'Report Paket Prime Strategy', 'Daily', 'yes', '', ''),
(26, 'Report Summary Revenue and Driver TOIP', '', 'yes', '', ''),
(27, 'Daily Recharge Performance', 'Daily', 'yes', '', ''),
(28, 'Renewal Package Dashboard', 'Daily', 'yes', '', ''),
(29, 'Physical Voucher Dashboard', 'Daily', 'yes', '', ''),
(30, 'RGB Dashboard', 'Daily', 'yes', '', ''),
(31, 'Churn Dashboard', 'Daily', 'yes', '', ''),
(32, 'Daily Report Payload UPCC', 'Daily', 'yes', '', ''),
(33, 'CVM Dashboard', 'Daily', 'yes', '', ''),
(34, 'CVM Dashboard L2', 'Daily', 'yes', '', ''),
(35, 'Dashboard ByU', 'Daily', 'yes', '', ''),
(36, 'Daily Monitoring Datamart Campaign', 'Alert', 'yes', '', ''),
(37, 'Reseller Productivity', 'Daily', 'yes', '', ''),
(38, 'Postpaid Sales Churn', '', 'yes', '', ''),
(39, 'Daily Dashboard Internet Sakti', 'Daily', 'yes', '', ''),
(40, 'Daily Dashboard Combo Sakti D1', 'Daily', 'yes', '', ''),
(41, 'Daily Dashboard Combo Sakti D2', 'Daily', 'yes', '', ''),
(42, 'PES Fulfillment', 'Daily', 'yes', '', ''),
(43, 'Campaign P2POBC', 'Daily', 'yes', '', ''),
(44, 'Daily Transfer Pulsa', 'Daily', 'yes', '', ''),
(45, 'Smart Alert Anomaly Revenue', 'Alert', 'yes', '', ''),
(46, 'Daily Monitoring Prepaid Non ByU Tabel Merge Revenue vs TOIP', 'Alert', 'yes', '', ''),
(47, 'Rejeki Sakti', 'Daily', 'yes', '', ''),
(48, 'HRC Dashboard', 'Daily', 'yes', '', ''),
(49, 'Daily Orbit Dashboard', 'Daily', 'yes', '', ''),
(50, 'HMS Hyper Combo', 'Daily', 'yes', '', ''),
(51, '4GSDN', 'Daily', 'yes', '', ''),
(52, 'Surprise Deal', '', 'yes', '', ''),
(53, 'Dashboard Monitoring', '', 'yes', '', ''),
(54, 'BID Data Package', 'Daily', 'yes', '', ''),
(55, 'Redman Dashboard', 'Daily', 'yes', '', '');

-- --------------------------------------------------------

--
-- Struktur dari tabel `detail_logins`
--

CREATE TABLE `detail_logins` (
  `id` int(11) NOT NULL,
  `user_id` int(11) NOT NULL,
  `last_login_browser` text NOT NULL,
  `last_login_ip` text NOT NULL,
  `last_login_location` text NOT NULL,
  `created_at` datetime NOT NULL,
  `updated_at` datetime NOT NULL
) ENGINE=InnoDB DEFAULT CHARSET=utf8mb4;

--
-- Dumping data untuk tabel `detail_logins`
--

INSERT INTO `detail_logins` (`id`, `user_id`, `last_login_browser`, `last_login_ip`, `last_login_location`, `created_at`, `updated_at`) VALUES
(114, 1, 'Chrome on Windows', '192.168.0.176', 'Indonesia', '2024-02-09 11:02:08', '2024-02-09 11:02:08');

-- --------------------------------------------------------

--
-- Struktur dari tabel `migrations`
--

CREATE TABLE `migrations` (
  `id` int(10) UNSIGNED NOT NULL,
  `migration` varchar(255) COLLATE utf8mb4_unicode_ci NOT NULL,
  `batch` int(11) NOT NULL
) ENGINE=InnoDB DEFAULT CHARSET=utf8mb4 COLLATE=utf8mb4_unicode_ci;

-- --------------------------------------------------------

--
-- Struktur dari tabel `permissions`
--

CREATE TABLE `permissions` (
  `id` bigint(20) UNSIGNED NOT NULL,
  `user_id` bigint(20) UNSIGNED NOT NULL,
  `dashboard_id` varchar(255) NOT NULL,
  `created_at` timestamp NULL DEFAULT NULL,
  `updated_at` timestamp NULL DEFAULT NULL
) ENGINE=InnoDB DEFAULT CHARSET=utf8mb4;

-- --------------------------------------------------------

--
-- Struktur dari tabel `permission_request`
--

CREATE TABLE `permission_request` (
  `request_id` bigint(20) NOT NULL,
  `dashboard_id` int(11) NOT NULL,
  `name` varchar(225) NOT NULL,
  `departement` varchar(225) NOT NULL,
  `reason` text NOT NULL,
  `request_status` int(11) DEFAULT NULL,
  `created_at` timestamp NULL DEFAULT NULL,
  `updated_at` timestamp NULL DEFAULT NULL
) ENGINE=InnoDB DEFAULT CHARSET=utf8mb4;

-- --------------------------------------------------------

--
-- Struktur dari tabel `recipients`
--

CREATE TABLE `recipients` (
  `id` int(11) NOT NULL,
  `name` varchar(225) DEFAULT NULL,
  `email` varchar(225) DEFAULT NULL,
  `job_title` text DEFAULT NULL,
  `is_active` enum('yes','no','','') DEFAULT NULL,
  `created_at` timestamp NOT NULL DEFAULT current_timestamp() ON UPDATE current_timestamp()
) ENGINE=InnoDB DEFAULT CHARSET=utf8mb4;

--
-- Dumping data untuk tabel `recipients`
--

INSERT INTO `recipients` (`id`, `name`, `email`, `job_title`, `is_active`, `created_at`) VALUES
(1, 'Adhi Putranto', 'adhi_putranto@telkomsel.co.id', 'Vice President Sales Strategy', 'yes', '2023-08-11 04:13:29'),
(2, 'Ahmad Huda', 'ahmad_s_huda@telkomsel.co.id', 'General Manager Market and Consumer Insights', 'yes', '2023-08-11 04:13:29'),
(3, 'Umar Fudin', 'umar_fudin@telkomsel.co.id', 'General Manager Prepaid Advanced Analytics', 'yes', '2023-08-11 04:13:29'),
(4, 'Rustama Lumbantoruan', 'rustama_lumbantoruan@telkomsel.co.id', 'General Manager Business Data Engineering', 'yes', '2023-08-11 04:13:29'),
(5, 'Gilang Prasetya', 'gilang_prasetya@telkomsel.co.id', 'Senior Vice President Consumer Sales Operations', 'yes', '2023-08-11 04:13:29'),
(6, 'Hafizh Rachmatulloh', 'hafizh_f_rachmatulloh@telkomsel.co.id', 'Officer - Household Product and Service Quality', 'yes', '2023-08-11 04:13:29'),
(7, 'Dhani Indrawanto', 'dhani_t_indrawanto@telkomsel.co.id', 'Manager - Mobile Product and Service Quality', 'yes', '2023-08-11 04:13:29'),
(8, 'Yodi Bramanta', 'yodi_bramanta@telkomsel.co.id', 'Manager Product Pricing and Area Alignment Jawa Bali', 'yes', '2023-08-11 04:13:29'),
(9, 'Radea Ardisukma', 'radea_z_ardisukma@telkomsel.co.id', 'Staff Prepaid Customer HVC and Retention Pamasuka', 'yes', '2023-08-11 04:13:29'),
(10, 'Singgih Harsono', 'singgih_a_harsono@telkomsel.co.id', 'Officer Prepaid Customer HVC and Retention Pamasuka', 'yes', '2023-08-11 04:13:29'),
(11, 'Andri Wibawanto', 'andri_wibawanto@telkomsel.co.id', 'Direktur Solution & Business Development - PT Infomedia Nusantara', 'yes', '2023-08-11 04:13:29'),
(12, 'Tuty Rahma Afriza', 'tuty_r_afriza@telkomsel.co.id', 'Vice President Prepaid Consumer Marketing', 'yes', '2023-08-11 04:13:29'),
(13, 'Filin Yulia', 'filin_yulia@telkomsel.co.id', 'Vice President Consumer Sales Area Jabotabek Jabar', 'yes', '2023-08-11 04:13:29'),
(14, 'Agustiyono Agustiyono', 'agustiyono@telkomsel.co.id', 'Strategic Advisor Sales Operating Model', 'yes', '2023-08-11 04:13:29'),
(15, 'Jajang Munajat', 'jajang_munajat@telkomsel.co.id', 'Vice President Business Solution Management', 'yes', '2023-08-11 04:13:29'),
(16, 'Mast Rasyid', 'mast_m_rasyid@telkomsel.co.id', 'General Manager - BSM Service Development and Integration', 'yes', '2023-08-11 04:13:29'),
(17, 'Agus Widodo', 'agus_w_widodo@telkomsel.co.id', 'General Manager BSM Prepaid', 'yes', '2023-08-11 04:13:29'),
(18, 'Muhammad Budianto', 'muhammad_f_budianto@telkomsel.co.id', 'General Manager Prepaid Consumer Area Pamasuka', 'yes', '2023-08-11 04:13:29'),
(19, 'Achmad Fadin', 'achmad_yf_fadin@telkomsel.co.id', 'Officer Prepaid Customer HVC and Retention Jabotabek Jabar', 'yes', '2023-08-11 04:13:29'),
(20, 'Hardhika N.', 'hardhika_s_nugraha@telkomsel.co.id', 'Manager Digital Experience Advanced Analytics', 'yes', '2023-08-11 04:13:29'),
(21, 'Arif Firmansyah', 'arif_firmansyah@telkomsel.co.id', 'Manager Growth Marketing Advanced Analytics', 'yes', '2023-08-11 04:13:29'),
(22, 'Mochamad Gilang Saputra', 'mochamad_g_saputra@telkomsel.co.id', 'Officer Growth Marketing Advanced Analytics', 'yes', '2023-08-11 04:13:29'),
(23, 'Poni Ariefian', 'poni_ariefian@telkomsel.co.id', 'Manager Prepaid Portfolio Performance and Reporting', 'yes', '2023-08-11 04:13:29'),
(24, 'Setyowati Setyowati', 'setyowati@telkomsel.co.id', 'General Manager - Customer Experience Strategy and Policy', 'yes', '2023-08-11 04:13:29'),
(25, 'Billy Goenandar', 'billy_goenandar@telkomsel.co.id', 'Manager Prepaid Customer HVC and Retention Jabotabek Jabar', 'yes', '2023-08-11 04:13:29'),
(26, 'Herman Andik Prasetyo', 'herman_a_prasetyo@telkomsel.co.id', 'General Manager Prepaid Consumer Area Jabotabek Jabar', 'yes', '2023-08-11 04:13:29'),
(27, 'Ihsan Ihsan', 'ihsan@telkomsel.co.id', 'Head of FMC BCI - Business Integration', 'yes', '2023-08-11 04:13:29'),
(28, 'Yusrizal Yusrizal', 'yusrizal@telkomsel.co.id', 'General Manager Consumer Sales Region Sumbagsel', 'yes', '2023-08-11 04:13:29'),
(29, 'Aka Alamin', 'akakandiasalamin@telkomsel.co.id', 'Head of Business and Partnership - PT Telkomsel Ekosistem Digital', 'yes', '2023-08-11 04:13:29'),
(30, 'Eko Atmaja', 'eko_atmaja@telkomsel.co.id', 'General Manager - Indirect Sales Strategy', 'yes', '2023-08-11 04:13:29'),
(31, 'Khairil D.', 'khairil_i_partomuan@telkomsel.co.id', 'General Manager - Sales Strategy and Business Management Area Jabotabek Jabar', 'yes', '2023-08-11 04:13:29'),
(32, 'Muhammad Iqbal', 'muhammad_iqbal@telkomsel.co.id', 'Manager Product Pricing and Area Alignment Sumatera', 'yes', '2023-08-11 04:13:29'),
(33, 'Pitrial Fadhlillah', 'pitrial_fadhlillah@telkomsel.co.id', 'Manager Prepaid Customer HVC and Retention Sumatera', 'yes', '2023-08-11 04:13:29'),
(34, 'Riny Novitriyanti', 'riny_novitriyanti@telkomsel.co.id', 'Vice President Consumer Sales Area Jawa Bali', 'yes', '2023-08-11 04:13:29'),
(35, 'Egi Nataatmaja', 'egi_nataatmaja@telkomsel.co.id', 'General Manager - Sales Strategy and Business Management Area Jawa Bali', 'yes', '2023-08-11 04:13:29'),
(36, 'Hardika Nugroho', 'hardika_nugroho@telkomsel.co.id', 'Vice President Advanced Analytics and Growth Marketing', 'yes', '2023-08-11 04:13:29'),
(37, 'Alfath Harahap', 'alfath_a_harahap@telkomsel.co.id', 'Senior Officer - MyTelkomsel Product Strategy and Engagement', 'yes', '2023-08-11 04:13:29'),
(38, 'Nastiti Yuniansari', 'nastiti_yuniansari@telkomsel.co.id', 'Manager Prepaid Customer HVC and Retention Pamasuka', 'yes', '2023-08-11 04:13:29'),
(39, 'Hafidz Putra', 'hafidz_m_putra@telkomsel.co.id', 'Manager Prepaid Customer HVC and Retention Jawa Bali', 'yes', '2023-08-11 04:13:29'),
(40, 'Natasya Silalahi', 'natasya_t_silalahi@telkomsel.co.id', 'Officer - Home LTE Marketing', 'yes', '2023-08-11 04:13:29'),
(41, 'A. Gunawan', 'hendra_gunawan@telkomsel.co.id', 'General Manager - BSM Product and Service Quality', 'yes', '2023-08-11 04:13:29'),
(42, 'Dhany Setyawan', 'dhany_w_setyawan@telkomsel.co.id', 'Manager Analytics Dashboard', 'yes', '2023-08-11 04:13:29'),
(43, 'Dewa Widnyana', 'dewa_gbs_widnyana@telkomsel.co.id', 'Officer 4G Growth Advanced Analytics', 'yes', '2023-08-11 04:13:29'),
(44, 'Fikri Thauli', 'fikri_thauli@telkomsel.co.id', 'Staff Analytics Dashboard', 'yes', '2023-08-11 04:13:29'),
(45, 'Mochamad Syawaluddin', 'mochamad_d_syawaluddin@telkomsel.co.id', 'General Manager Prepaid Consumer Area Jawa Bali', 'yes', '2023-08-11 04:13:29'),
(46, 'Jones Simbolon', 'jones_m_simbolon@telkomsel.co.id', 'Manager Consumer Data Management', 'yes', '2023-08-11 04:13:29'),
(47, 'Nur Nuzulia', 'roma_muhammad@telkomsel.co.id', 'Manager Biddable Media Campaign', 'yes', '2023-08-11 04:13:29'),
(48, 'Yuri Revalino', 'yuri_revalino@telkomsel.co.id', 'Manager Loyalty Advanced Analytics', 'yes', '2023-08-11 04:13:29'),
(49, 'Aditia Trihadian', 'aditia_trihadian@telkomsel.co.id', 'Manager Digital Lifestyle Advanced Analytics', 'yes', '2023-08-11 04:13:29'),
(50, 'Dhilla Maharantau', 'dhilla_r_maharantau@telkomsel.co.id', 'Manager 4G Growth Advanced Analytics', 'yes', '2023-08-11 04:13:29'),
(51, 'Iman Sulaiman', 'iman_sulaiman@telkomsel.co.id', 'Manager Incubation Marketing Advanced Analytics', 'yes', '2023-08-11 04:13:29'),
(52, 'Suryo Saputro', 'suryo_h_saputro@telkomsel.co.id', 'Manager Digital Customer Value Management', 'yes', '2023-08-11 04:13:29'),
(53, 'Ferry Satyanegara', 'ferry_wyman@telkomsel.co.id', 'Manager Postpaid B2C ML Model Based Segmentation', 'yes', '2023-08-11 04:13:29'),
(54, 'Tonny Hertanto', 'tonny_hertanto@telkomsel.co.id', 'Manager B2B Advanced Analytics', 'yes', '2023-08-11 04:13:29'),
(55, 'Rio Arifin', 'rio_n_arifin@telkomsel.co.id', 'Data Scientist', 'yes', '2023-08-11 04:13:29'),
(56, 'Priagung Khusumanegara', 'priagung_khusumanegara@telkomsel.co.id', 'Data Scientist Lead', 'yes', '2023-08-11 04:13:29'),
(57, 'Andi Buwono', 'andi_buwono@telkomsel.co.id', 'Data Scientist Lead', 'yes', '2023-08-11 04:13:29'),
(58, 'Josua Sihombing', 'josua_a_sihombing@telkomsel.co.id', 'Officer Consumer Data Management', 'yes', '2023-08-11 04:13:29'),
(59, 'Amalia Dayani', 'amalia_r_dayani@telkomsel.co.id', 'Staff Loyalty Advanced Analytics', 'yes', '2023-08-11 04:13:29'),
(60, 'Ardan Pramana', 'ardan_b_pramana@telkomsel.co.id', 'Officer Digital Lifestyle Advanced Analytics', 'yes', '2023-08-11 04:13:29'),
(61, 'Bintang Tambunan', 'bintang_a_tambunan@telkomsel.co.id', 'Staff Digital Lifestyle Advanced Analytics', 'yes', '2023-08-11 04:13:29'),
(62, 'Zul Fikar', 'zul_fikar@telkomsel.co.id', 'Officer 4G Growth Advanced Analytics', 'yes', '2023-08-11 04:13:29'),
(63, 'Ayas Nafis', 'ayas_f_nafis@telkomsel.co.id', 'Staff Growth Marketing Advanced Analytics', 'yes', '2023-08-11 04:13:29'),
(64, 'Helmy Darmawan', 'helmy_darmawan@telkomsel.co.id', 'Officer Incubation Marketing Advanced Analytics', 'yes', '2023-08-11 04:13:29'),
(65, 'Willi Supandi', 'willi_supandi@telkomsel.co.id', 'Officer Postpaid B2C and IR Advanced Analytics', 'yes', '2023-08-11 04:13:29'),
(66, 'Rolin Siringo', 'rolin_s_siringo@telkomsel.co.id', 'Staff B2B Advanced Analytics', 'yes', '2023-08-11 04:13:29'),
(67, 'Fatia Nastitie', 'fatia_m_nastitie@telkomsel.co.id', 'Staff Postpaid B2C ML Model Based Segmentation', 'yes', '2023-08-11 04:13:29'),
(68, 'Nindya Paramitha', 'nindya_paramitha@telkomsel.co.id', 'Officer B2B Advanced Analytics', 'yes', '2023-08-11 04:13:29'),
(69, 'Dios Kurniawan', 'dios_kurniawan@telkomsel.co.id', 'Vice President - Data Governance and Protection Management', 'yes', '2023-08-11 04:13:29'),
(70, 'Agus Hermanto', 'agus_hermanto@telkomsel.co.id', 'Principal - Data Protection Management', 'yes', '2023-08-11 04:13:29'),
(71, 'Made Adyatman', 'made_m_adyatman@telkomsel.co.id', 'Manager Consumer Analytics and Reporting Development', 'yes', '2023-08-11 04:13:29'),
(72, 'Hamka Hidayatullah', 'hamka_hidayatullah@telkomsel.co.id', 'Officer Prepaid Portfolio Performance and Reporting', 'yes', '2023-08-11 04:13:29'),
(73, 'Rizli Avriananda Anshari', 'rizli_a_anshari@telkomsel.co.id', 'General Manager Digital Lifestyle and Loyalty Advanced Analytics', 'yes', '2023-08-11 04:13:29'),
(74, 'Noufal Syarief', 'noufal_syarief@telkomsel.co.id', 'General Manager Customer Value Management', 'yes', '2023-08-11 04:13:29'),
(75, 'Denok Andriani', 'denok_andriani@telkomsel.co.id', 'General Manager Consumer Business Analysis and Reporting', 'yes', '2023-08-11 04:13:29'),
(76, 'Rizky Alriyanto', 'rizky_alriyanto@telkomsel.co.id', 'Officer Campaign Measurement and Analysis', 'yes', '2023-08-11 04:13:29'),
(77, 'Peri Kusdinar', 'peri_kusdinar@telkomsel.co.id', 'General Manager Data Operations and Excellence', 'yes', '2023-08-11 04:13:29'),
(78, 'Sofie Chaerany', 'sofie_y_chaerany@telkomsel.co.id', 'Manager IT Data Quality', 'yes', '2023-08-11 04:13:29'),
(79, 'Martono Sulistyo', 'martono_h_sulistyo@telkomsel.co.id', 'Manager IT Data Sourcing', 'yes', '2023-08-11 04:13:29'),
(80, 'Gama Melisa', 'gama_melisa@telkomsel.co.id', 'General Manager IT BI/Reporting', 'yes', '2023-08-11 04:13:29'),
(81, 'Albhikautsar Kesuma', 'albhikautsar_d_kesuma@telkomsel.co.id', 'Manager IT B2B and B2C Reporting', 'yes', '2023-08-11 04:13:29'),
(82, 'Swardiman Widodo', 'swardiman_e_widodo@telkomsel.co.id', 'Manager IT Finance and BI Reporting', 'yes', '2023-08-11 04:13:29'),
(83, 'Albert Kurniawan', 'albert_kurniawan@telkomsel.co.id', 'Senior Officer - Meta Data and Data Quality Steward Striker', 'yes', '2023-08-11 04:13:29'),
(84, 'Ivan Ibnualim', 'ivan_ibnualim@telkomsel.co.id', 'Officer - Meta Data and Data Quality Steward Striker', 'yes', '2023-08-11 04:13:29'),
(85, 'Anisa H.', 'annisa_k_hapsari@telkomsel.co.id', 'General Manager - IT BP and Strategic Delivery Sales and Enterprise', 'yes', '2023-08-11 04:13:29'),
(86, 'Rubila Adawiyah', 'rubila_d_adawiyah@telkomsel.co.id', 'Staff Enterprise Data Management', 'yes', '2023-08-11 04:13:29'),
(87, 'Derrick Meng', 'derrick_heng@telkomsel.co.id', 'Director Marketing', 'yes', '2023-08-11 04:13:29'),
(88, 'Prihadias Murihutomo', 'prihadias_murihutomo@telkomsel.co.id', 'General Manager Postpaid and Enterprise Advanced Analytics', 'yes', '2023-08-11 04:13:29'),
(89, 'Tiurma A.', 'tiurma_imelda@telkomsel.co.id', 'General Manager Postpaid GTM and Partnership', 'yes', '2023-08-11 04:13:29'),
(90, 'Heru Sukendro', 'heru_sukendro@telkomsel.co.id', 'General Manager - Postpaid Sales and Household Billing Collection', 'yes', '2023-08-11 04:13:29'),
(91, 'Desy P.', 'desi_sartika@telkomsel.co.id', 'General Manager Postpaid Product and Pricing', 'yes', '2023-08-11 04:13:29'),
(92, 'Mirza Budiwan', 'mirza_budiwan@telkomsel.co.id', 'Vice President Consumer Sales Area Pamasuka', 'yes', '2023-08-11 04:13:29'),
(93, 'Bernadus Wijayanto', 'bernadus_w_wijayanto@telkomsel.co.id', 'Vice President Postpaid Consumer, International Roaming and Interconnect', 'yes', '2023-08-11 04:13:29'),
(94, 'Andi Khrisbianto', 'andi_khrisbianto@telkomsel.co.id', 'Senior Officer Customer Care Strategy', 'yes', '2023-08-11 04:13:29'),
(95, 'Arfansyah Arfansyah', 'arfansyah@telkomsel.co.id', 'Supervisor - Postpaid and Household Sales Acquisition', 'yes', '2023-08-11 04:13:29'),
(96, 'Neneng Setiawati', 'neneng_setiawati@telkomsel.co.id', 'Supervisor - Postpaid, Household Uplift and Retention', 'yes', '2023-08-11 04:13:29'),
(97, 'Ardita Nugraha', 'ardita_t_nugraha@telkomsel.co.id', 'Staff Postpaid Business Strategy and Performance', 'yes', '2023-08-11 04:13:29'),
(98, 'Erick Noviantoro', 'erick_noviantoro@telkomsel.co.id', 'General Manager Customer Care Area Jawa Bali', 'yes', '2023-08-11 04:13:29'),
(99, 'Pusporiny Pusporiny', 'pusporiny@telkomsel.co.id', 'Manager - Postpaid and FMC Consumer Billing and Collection Area Jawa Bali', 'yes', '2023-08-11 04:13:29'),
(100, 'Didin Purwitasari', 'didin_o_purwitasari@telkomsel.co.id', 'Officer Postpaid Channel Development Area Jawa Bali', 'yes', '2023-08-11 04:13:29'),
(101, 'Nyccy Pribawa', 'nyccy_a_pribawa@telkomsel.co.id', 'Officer Postpaid Business Strategy and Performance', 'yes', '2023-08-11 04:13:29'),
(102, 'Herlan Negara', 'herlan_p_negara@telkomsel.co.id', 'Manager Postpaid Business Strategy and Performance', 'yes', '2023-08-11 04:13:29'),
(103, 'Robby Cahyady', 'robby_a_cahyady@telkomsel.co.id', 'Vice President Customer Care Management', 'yes', '2023-08-11 04:13:29'),
(104, 'Zaldy Anand', 'zaldy_anand@telkomsel.co.id', 'Officer Modern Channel Region Sumbagsel', 'yes', '2023-08-11 04:13:29'),
(105, 'Mohammad Ardip', 'mohammad_ardip@telkomsel.co.id', 'Manager Customer Care Support Area Pamasuka', 'yes', '2023-08-11 04:13:29'),
(106, 'Deni Wahyuni', 'deni_wahyuni@telkomsel.co.id', 'Manager - Postpaid and FMC Consumer Billing and Collection Area Jabotabek Jabar', 'yes', '2023-08-11 04:13:29'),
(107, 'Muhammad Anshori', 'muhammad_z_anshori@telkomsel.co.id', 'Officer Customer Retention Program Region Jawa Barat', 'yes', '2023-08-11 04:13:29'),
(108, 'Jusup Silitonga', 'jusup_silitonga@telkomsel.co.id', 'Manager - Postpaid, Household Sales Planning and Program', 'yes', '2023-08-11 04:13:29'),
(109, 'Muhamad Miftahuddin', 'muhamad_k_miftahuddin@telkomsel.co.id', 'Officer Escalation Analytics', 'yes', '2023-08-11 04:13:29'),
(110, 'Reni S.', 'reni_zulfriyanti@telkomsel.co.id', 'Manager - Postpaid, Household Profiling and Analytics', 'yes', '2023-08-11 04:13:29'),
(111, 'Nauval Farisi', 'nauval_ta_farisi@telkomsel.co.id', 'Officer - Apartment and Premium Cluster Area Jawa Bali', 'yes', '2023-08-11 04:13:29'),
(112, 'Deni Pranoto', 'deni_pranoto@telkomsel.co.id', 'Manager Postpaid Portfolio Performance and Reporting', 'yes', '2023-08-11 04:13:29'),
(113, 'Buceu Prihatun', 'buceu_s_prihatun@telkomsel.co.id', 'Manager Sales Business Performance Management', 'yes', '2023-08-11 04:13:29'),
(114, 'Erric Arifiansyah', 'erric_arifiansyah@telkomsel.co.id', 'Manager - Indirect Sales Branch Soreang', 'yes', '2023-08-11 04:13:29'),
(115, 'Wahyu Anshori', 'wahyu_b_anshori@telkomsel.co.id', 'Manager - HRC Analysis and Program Alignment', 'yes', '2023-08-11 04:13:29'),
(116, 'Surya Rachman', 'surya_rachman@telkomsel.co.id', 'Manager - Postpaid and FMC Consumer Billing and Collection Area Pamasuka', 'yes', '2023-08-11 04:13:29'),
(117, 'Retno Wardani', 'retno_wardani@telkomsel.co.id', 'General Manager Customer Care Area Pamasuka', 'yes', '2023-08-11 04:13:29'),
(118, 'Saiful Azhar', 'saiful_azhar@telkomsel.co.id', 'Officer - Postpaid, Household Profiling and Analytics', 'yes', '2023-08-11 04:13:29'),
(119, 'Imam Darmawan', 'imam_darmawan@telkomsel.co.id', 'Manager Advanced Pricing and Profitability Analysis', 'yes', '2023-08-11 04:13:29'),
(120, 'Mohamad Wibisana', 'mohamad_k_wibisana@telkomsel.co.id', 'Manager Product and Pricing Governance', 'yes', '2023-08-11 04:13:29'),
(121, 'Kharisma Putra', 'kharisma_putra@telkomsel.co.id', 'Officer Advanced Pricing and Profitability Analysis', 'yes', '2023-08-11 04:13:29'),
(122, 'Ilham Lufi', 'ilham_m_lufi@telkomsel.co.id', 'Officer Product and Pricing Governance', 'yes', '2023-08-11 04:13:29'),
(123, 'Saifuddin Prihantoro', 'saifuddin_prihantoro@telkomsel.co.id', 'Manager Postpaid and Digital Lifestyle Customer Value Management', 'yes', '2023-08-11 04:13:29'),
(124, 'Rangga Putra', 'rangga_s_putra@telkomsel.co.id', 'Officer Postpaid and Digital Lifestyle Customer Value Management', 'yes', '2023-08-11 04:13:29'),
(125, 'Puspita Putri', 'puspita_a_putri@telkomsel.co.id', 'Officer Postpaid B2C and IR Advanced Analytics', 'yes', '2023-08-11 04:13:29'),
(126, 'Purnama Adhiputra', 'purnama_adhiputra@telkomsel.co.id', 'Pj. General Manager Customer Care Area Jabotabek Jabar', 'yes', '2023-08-11 04:13:29'),
(127, 'Mirolas Adwas', 'mirolas_n_adwas@telkomsel.co.id', 'Officer - Postpaid and FMC Consumer Sales Area Jabotabek Jabar', 'yes', '2023-08-11 04:13:29'),
(128, 'Dwi Noviyanto', 'dwi_noviyanto@telkomsel.co.id', 'Supervisor Billing Collection and Data Support Area Jabotabek Jabar', 'yes', '2023-08-11 04:13:29'),
(129, 'Adika Prabowo', 'adika_f_prabowo@telkomsel.co.id', 'Manager Postpaid B2C and IR Advanced Analytics', 'yes', '2023-08-11 04:13:29'),
(130, 'Bheri Hartanto', 'bheri_p_hartanto@telkomsel.co.id', 'General Manager - Marketing, Postpaid And Fmc Sales Area Jabotabek Jabar', 'yes', '2023-08-11 04:13:29'),
(131, 'Bilfian Sugiana', 'bilfian_sugiana@telkomsel.co.id', 'Manager - Postpaid And Fmc Consumer Sales Area Jabotabek Jabar', 'yes', '2023-08-11 04:13:29'),
(132, 'Buang Santoso', 'buang_santoso@telkomsel.co.id', 'Manager - Postpaid And Fmc Consumer Sales Regional Central Jabotabek', 'yes', '2023-08-11 04:13:29'),
(133, 'Sri Andryanti', 'sri_andryanti@telkomsel.co.id', 'Manager - Postpaid And Fmc Consumer Sales Regional Western Jabotabek', 'yes', '2023-08-11 04:13:29'),
(134, 'Wahyu Widodo', 'wahyu_widodo@telkomsel.co.id', 'Manager - Postpaid And Fmc Consumer Sales Regional Jawa Barat', 'yes', '2023-08-11 04:13:29'),
(135, 'Azka Ramadani', 'azka_r_ramadani@telkomsel.co.id', 'Staff Digital Experience Advanced Analytics', 'yes', '2023-08-11 04:13:29'),
(136, 'Jodi Tsany', 'jodi_r_tsany@telkomsel.co.id', 'Staff Digital Experience Advanced Analytics', 'yes', '2023-08-11 04:13:29'),
(137, 'Naufal Anwari', 'naufal_d_anwari@telkomsel.co.id', 'Staff Incubation Marketing Advanced Analytics', 'yes', '2023-08-11 04:13:29'),
(138, 'Grita Adrinovian', 'grita_adrinovian@telkomsel.co.id', 'Manager Prepaid Customer Acquisition Sumatera', 'yes', '2023-08-11 04:13:29'),
(139, 'Mokhamad Shadik', 'mokhamad_shadik@telkomsel.co.id', 'Manager - Strategic Analysis Development', 'yes', '2023-08-11 04:13:29'),
(140, 'Aditya Nur', 'aditya_m_nur@telkomsel.co.id', 'Manager Prepaid Customer Acquisition Jabotabek Jabar', 'yes', '2023-08-11 04:13:29'),
(141, 'Yan Faisal', 'yan_faisal@telkomsel.co.id', 'Manager FMC BCI - Fulfillment Assurance', 'yes', '2023-08-11 04:13:29'),
(142, 'Kurnia Setiawan', 'kurnia_b_setiawan@telkomsel.co.id', 'Manager - Indirect Sales Branch Mataram', 'yes', '2023-08-11 04:13:29'),
(143, 'I Wiryawan', 'iwayan_e_wiryawan@telkomsel.co.id', 'Manager Product Pricing and Area Alignment Jabotabek Jabar', 'yes', '2023-08-11 04:13:29'),
(144, 'Irwan Hadinata', 'irwan_s_hadinata@telkomsel.co.id', 'Manager Sales and Retention Management Region Western Jabotabek', 'yes', '2023-08-11 04:13:29'),
(145, 'Syofyan Rambe', 'syofyan_a_rambe@telkomsel.co.id', 'General Manager Portfolio Governance and Analytics', 'yes', '2023-08-11 04:13:29'),
(146, 'Dian Kamel', 'dian_a_kamel@telkomsel.co.id', 'Manager Legacy and Digital Product and Pricing Portfolio Alignment', 'yes', '2023-08-11 04:13:29'),
(147, 'Dani Arthanta', 'dani_arthanta@telkomsel.co.id', 'General Manager Prepaid Consumer Area Sumatera', 'yes', '2023-08-11 04:13:29'),
(148, 'Mediawan Prayasto', 'mediawan_prayasto@telkomsel.co.id', 'Manager Prepaid Growth Mass Market Jabotabek Jabar', 'yes', '2023-08-11 04:13:29'),
(149, 'Yavta Klini', 'yavta_m_klini@telkomsel.co.id', 'Officer Prepaid Growth Mass Market Jabotabek Jabar', 'yes', '2023-08-11 04:13:29'),
(150, 'Rara Istighfaroh', 'rara_d_istighfaroh@telkomsel.co.id', 'Staff Prepaid Growth Mass Market Pamasuka', 'yes', '2023-08-11 04:13:29'),
(151, 'Regha Pradhana', 'regha_j_pradhana@telkomsel.co.id', 'Manager Prepaid Product GTM Execution', 'yes', '2023-08-11 04:13:29'),
(152, 'Taufik Denata', 'taufik_a_denata@telkomsel.co.id', 'Manager Prepaid Growth Mass Market Pamasuka', 'yes', '2023-08-11 04:13:29'),
(153, 'Ario Pudianingrat', 'ario_pudianingrat@telkomsel.co.id', 'Manager Prepaid Growth Mass Market Jawa Bali', 'yes', '2023-08-11 04:13:29'),
(154, 'Murtadho Murtadho', 'murtadho@telkomsel.co.id', 'Staff Prepaid Customer HVC and Retention Jawa Bali', 'yes', '2023-08-11 04:13:29'),
(155, 'Shafira Nasmah', 'shafira_a_nasmah@telkomsel.co.id', 'Staff Prepaid Growth Mass Market Sumatera', 'yes', '2023-08-11 04:13:29'),
(156, 'Molli Achir', 'molli_r_achir@telkomsel.co.id', 'Officer Prepaid Growth Mass Market Jawa Bali', 'yes', '2023-08-11 04:13:29'),
(157, 'Awalludin Subarkat', 'awalludin_subarkat@telkomsel.co.id', 'byU Principal Product Lead', 'yes', '2023-08-11 04:13:29'),
(158, 'Wisnu Supadnomo', 'wisnu_ario@telkomsel.co.id', 'Manager - Web Media', 'yes', '2023-08-11 04:13:29'),
(159, 'Nirwan Lesmana', 'nirwan_lesmana@telkomsel.co.id', 'Vice President Digital Lifestyle', 'yes', '2023-08-11 04:13:29'),
(160, 'Adiwinahyu B Sigit', 'adiwinahyu_b_sigit@telkomsel.co.id', 'Director Sales', 'yes', '2023-08-11 04:13:29'),
(161, 'Metra Cahya Utama', 'metra_c_utama@telkomsel.co.id', 'Senior Vice President - Corporate Effectiveness, Strategic Control and Synergy', 'yes', '2023-08-11 04:13:29'),
(162, 'Rudy Jayadi', 'rudy_jayadi@telkomsel.co.id', 'Vice President IT Customer Touchpoint and Digital Product Solutions', 'yes', '2023-08-11 04:13:29'),
(163, 'Hendrino Hendrino', 'hendrino@telkomsel.co.id', 'Manager - CX Policy and Alignment', 'yes', '2023-08-11 04:13:29'),
(164, 'Tamami Efendi', 'tamami_efendi@telkomsel.co.id', 'Manager - MyTelkomsel Strategy and GTM', 'yes', '2023-08-11 04:13:29'),
(165, 'Efendy Efendy', 'efendy@telkomsel.co.id', 'Manager - IT MyTelkomsel and THE Solutions', 'yes', '2023-08-11 04:13:29'),
(166, 'Salman Pratista', 'salman_t_pratista@telkomsel.co.id', 'Manager - Consumer Mobile Channel Development', 'yes', '2023-08-11 04:13:29'),
(167, 'Budi Darmawan', 'budi_darmawan@telkomsel.co.id', 'General Manager BSM Digital and VAS', 'yes', '2023-08-11 04:13:29'),
(168, 'M. Firdaus', 'muhammad_z_firdaus@telkomsel.co.id', 'Manager - Web Digital Enabler', 'yes', '2023-08-11 04:13:29'),
(169, 'Rizaldy Prayudha', 'rizaldy_g_prayudha@telkomsel.co.id', 'Manager - MyTelkomsel Strategic Utility and Service Experience', 'yes', '2023-08-11 04:13:29'),
(170, 'Gunawan Gunawan', 'gunawan@telkomsel.co.id', 'Manager - MyTelkomsel Loyalty and Engagement', 'yes', '2023-08-11 04:13:29'),
(171, 'Mohammad Nugroho', 'mohammad_a_nugroho@telkomsel.co.id', 'Pj. General Manager Consumer Sales Region Eastern Jabotabek', 'yes', '2023-08-11 04:13:29'),
(172, 'Syaiful Hasyim Asari', 'syaiful_h_asari@telkomsel.co.id', 'Manager - Indirect Sales Branch Lamongan', 'yes', '2023-08-11 04:13:29'),
(173, 'Rachmad Yuniarko', 'rachmad_yuniarko@telkomsel.co.id', 'Manager Territory and Logistic Channel Management Area Sumatera', 'yes', '2023-08-11 04:13:29'),
(174, 'Andy Sulistyono', 'andy_sulistyono@telkomsel.co.id', 'Manager Sales and Retention Management Region Jawa Tengah and DIY', 'yes', '2023-08-11 04:13:29'),
(175, 'Reza Satria Akhdani', 'reza_s_akhdani@telkomsel.co.id', 'Staff Finance Business Partner Jabotabek', 'yes', '2023-08-11 04:13:29'),
(176, 'Pingkan Ticoalu', 'pingkan_r_ticoalu@telkomsel.co.id', 'Manager Management Reporting and Revenue Analysis', 'yes', '2023-08-11 04:13:29'),
(177, 'Hilman Triyapranata', 'hilman_r_triyapranata@telkomsel.co.id', 'Supervisor Expense and General Analysis', 'yes', '2023-08-11 04:13:29'),
(178, 'Yonatha Maulana', 'yonatha_maulana@telkomsel.co.id', 'General Manager Web E-Commerce Product', 'yes', '2023-08-11 04:13:29'),
(179, 'Danang Andrianto', 'danang_andrianto@telkomsel.co.id', 'Vice President Customer Journey and Digital Experience', 'yes', '2023-08-11 04:13:29'),
(180, 'Andhika Adrianto', 'andhika_adrianto@telkomsel.co.id', 'General Manager - MyTelkomsel Product Strategy and Engagement', 'yes', '2023-08-11 04:13:29'),
(181, 'Muhammad Syahrir', 'muhammad_syahrir@telkomsel.co.id', 'Manager GTM and Marketing Communications Area Sumatera', 'yes', '2023-08-11 04:13:29'),
(182, 'Yose Hermana', 'yose_hermana@telkomsel.co.id', 'Manager Campaign and Customer Retention Management Area Sumatera', 'yes', '2023-08-11 04:13:29'),
(183, 'Zefanya Saragih', 'zefanya_ch_saragih@telkomsel.co.id', 'Manager - Mobile Sales Strategy and Performance Management Area Sumatera', 'yes', '2023-08-11 04:13:29'),
(184, 'Meutia Yulanda', 'meutia_r_yulanda@telkomsel.co.id', 'Officer GTM and Marketing Communications Area Sumatera', 'yes', '2023-08-11 04:13:29'),
(185, 'Kristoffel Pandiangan', 'kristoffel_c_pandiangan@telkomsel.co.id', 'Manager Prepaid Customer Acquisition Pamasuka', 'yes', '2023-08-11 04:13:29'),
(186, 'M.Sugianto.K M.Sugianto.K', 'sugianto@telkomsel.co.id', 'Supervisor Prepaid Campaign Operations Area Sumatera', 'yes', '2023-08-11 04:13:29'),
(187, 'Dicky Ardiansyah', 'dicky_ardiansyah@telkomsel.co.id', 'Officer GTM and Marketing Communications Area Sumatera', 'yes', '2023-08-11 04:13:29'),
(188, 'Budi Perwira', 'budi_perwira@telkomsel.co.id', 'Officer GTM and Marketing Communications Area Sumatera', 'yes', '2023-08-11 04:13:29'),
(189, 'M. Bachtiar', 'm_a_bachtiar@telkomsel.co.id', 'Officer Postpaid Product and Proposition', 'yes', '2023-08-11 04:13:29'),
(190, 'Desy Hutagalung', 'desy_t_hutagalung@telkomsel.co.id', 'Staff Prepaid Campaign Operations Area Sumatera', 'yes', '2023-08-11 04:13:29'),
(191, 'Yudi Irfan', 'yudi_irfan1@telkomsel.co.id', 'Staff Campaign Data Profiling Management Area Sumatera', 'yes', '2023-08-11 04:13:29'),
(192, 'Muhammad Amanda', 'muhammad_f_amanda@telkomsel.co.id', 'Staff - Mobile Sales Strategy and Performance Management Area Sumatera', 'yes', '2023-08-11 04:13:29'),
(193, 'Razinil Imran', 'razinil_imran@telkomsel.co.id', 'Strategic Advisor Customer Journey and Digital Experience', 'yes', '2023-08-11 04:13:29'),
(194, 'Rina Juliana', 'rina_juliana@telkomsel.co.id', 'Officer - MyTelkomsel Strategy and GTM', 'yes', '2023-08-11 04:13:29'),
(195, 'Shabrina Margirizki', 'shabrina_a_margirizki@telkomsel.co.id', 'Staff - MyTelkomsel Strategy and GTM', 'yes', '2023-08-11 04:13:29'),
(196, 'Andry Ongkinata', 'andry_ongkinata@telkomsel.co.id', 'General Manager - IT Customer Channel Solutions', 'yes', '2023-08-11 04:13:29'),
(197, 'Zara Zentira', 'zara_zentira@telkomsel.co.id', 'Manager Opex Analysis and Data Governance', 'yes', '2023-08-11 04:13:29'),
(198, 'Dwi Ricky Nugroho', 'dwi_r_nugroho@telkomsel.co.id', 'Supervisor Revenue Budget Plan', 'yes', '2023-08-11 04:13:29'),
(199, 'Annisa Safitri', 'annisa_safitri@telkomsel.co.id', 'Staff Area Reporting Analysis', 'yes', '2023-08-11 04:13:29'),
(200, 'Irfan Rahmadi', 'irfan_rahmadi@telkomsel.co.id', 'Officer - CX Policy and Alignment', 'yes', '2023-08-11 04:13:29'),
(201, 'Basuki Ebtayani', 'basuki_ebtayani@telkomsel.co.id', 'General Manager - Sales Strategy and Business Management Area Pamasuka', 'yes', '2023-08-11 04:13:29'),
(202, 'Ricky Roland', 'ricky_roland@telkomsel.co.id', 'General Manager - MyTelkomsel Transaction and Services', 'yes', '2023-08-11 04:13:29'),
(203, 'Indira Safira', 'indira_d_safira@telkomsel.co.id', 'Staff - MyTelkomsel Transaction and Payment', 'yes', '2023-08-11 04:13:29'),
(204, 'Ilmi Khaera Azizah', 'ilmi_k_azizah@telkomsel.co.id', 'Officer - MyTelkomsel Transaction and Payment', 'yes', '2023-08-11 04:13:29'),
(205, 'Putu Putra', 'putu_e_putra@telkomsel.co.id', 'Manager - MyTelkomsel Transaction and Payment', 'yes', '2023-08-11 04:13:29'),
(206, 'Verdania Puri Syafitri', 'verdania_p_syafitri@telkomsel.co.id', 'Manager - Sales and Marketing Program Enablement', 'yes', '2023-08-11 04:13:29'),
(207, 'Rifqi Adinegoro', 'rifqi_adinegoro@telkomsel.co.id', 'Data Scientist', 'yes', '2023-08-11 04:13:29'),
(208, 'Nugraha Sanjaya', 'nugraha_w_sanjaya@telkomsel.co.id', 'Supervisor Enterprise Reporting Analysis', 'yes', '2023-08-11 04:13:29'),
(209, 'Agung Prasetya', 'agung_prasetya@telkomsel.co.id', 'Manager - MyTelkomsel Customer Interaction', 'yes', '2023-08-11 04:13:29'),
(210, 'Wildan Saleh', 'wildan_saleh@telkomsel.co.id', 'Supervisor Area Reporting Analysis', 'yes', '2023-08-11 04:13:29'),
(211, 'Permadi Herlambang', 'permadi_s_herlambang@telkomsel.co.id', 'Officer - CX Performance and Measurement', 'yes', '2023-08-11 04:13:29'),
(212, 'Ganjar Dermawan', 'ganjar_dermawan@telkomsel.co.id', 'Manager Product Pricing and Area Alignment Pamasuka', 'yes', '2023-08-11 04:13:29'),
(213, 'Ardi Wicaksono', 'ardi_wicaksono@telkomsel.co.id', 'Officer Product Pricing and Area Alignment Jabotabek Jabar', 'yes', '2023-08-11 04:13:29'),
(214, 'Patih Rizal', 'patih_f_rizal@telkomsel.co.id', 'Staff Prepaid Customer Acquisition Sumatera', 'yes', '2023-08-11 04:13:29'),
(215, 'Juliana Juliana', 'juliana@telkomsel.co.id', 'Vice President Pricing Center of Excellence', 'yes', '2023-08-11 04:13:29'),
(216, 'Heribertus Ariyanto', 'heribertus_b_ariyanto@telkomsel.co.id', 'Advisor Associate Sales Strategy', 'yes', '2023-08-11 04:13:29'),
(217, 'Riset Wijoyo', 'riset_wijoyo@telkomsel.co.id', 'General Manager Digital Lifestyle Performance and Settlement', 'yes', '2023-08-11 04:13:29'),
(218, 'Ferdian Ferdian', 'ferdian@telkomsel.co.id', 'Manager Digital Lifestyle Performance and Monitoring', 'yes', '2023-08-11 04:13:29'),
(219, 'Alif Yordan', 'alif_yordan@telkomsel.co.id', 'Manager MaxStream Platform', 'yes', '2023-08-11 04:13:29'),
(220, 'Arian Ichsan', 'arian_ichsan@telkomsel.co.id', 'Manager Digital Lifestyle Settlement', 'yes', '2023-08-11 04:13:29'),
(221, 'Anak Kusuma', 'aa_pillardy_kusuma@telkomsel.co.id', 'Officer Digital Media Analysis and Reporting', 'yes', '2023-08-11 04:13:29'),
(222, 'Muhamad Shantya Utama', 'muhamad_s_utama@telkomsel.co.id', 'Officer MaxStream Platform', 'yes', '2023-08-11 04:13:29'),
(223, 'Luthfi Wibisono', 'luthfi_c_wibisono@telkomsel.co.id', 'General Manager Video and Partnership', 'yes', '2023-08-11 04:13:29'),
(224, 'Grari Garisetya', 'grari_garisetya@telkomsel.co.id', 'Manager Maxstream Growth and Engagement', 'yes', '2023-08-11 04:13:29'),
(225, 'Diko Julian', 'diko_julian@telkomsel.co.id', 'Manager Video and Music Brand and Communications', 'yes', '2023-08-11 04:13:29'),
(226, 'Dwiki Ahmad', 'dwiki_h_ahmad1@telkomsel.co.id', 'Officer - MyTelkomsel Transaction and Payment', 'yes', '2023-08-11 04:13:29'),
(227, 'Gamma Aditya', 'gamma_aditya@telkomsel.co.id', 'Manager Prepaid Customer Acquisition Jawa Bali', 'yes', '2023-08-11 04:13:29'),
(228, 'Andrien Pramono', 'andrien_vh_pramono@telkomsel.co.id', 'Staff Prepaid Customer Acquisition Jawa Bali', 'yes', '2023-08-11 04:13:29'),
(229, 'Gelar Anindito', 'gelar_h_anindito@telkomsel.co.id', 'Manager B2B Solutions Product and Pricing Portfolio Alignment', 'yes', '2023-08-11 04:13:29'),
(230, 'Humaira Putri', 'humaira_k_putri@telkomsel.co.id', 'Officer New Digital VAS', 'yes', '2023-08-11 04:13:29'),
(231, 'Fikri Setiawan', 'fikri_a_setiawan@telkomsel.co.id', 'Officer Video Partnership', 'yes', '2023-08-11 04:13:29'),
(232, 'Ardimiharjo Ardimiharjo', 'ardimiharjo@telkomsel.co.id', 'Manager - Games GTM Strategy', 'yes', '2023-08-11 04:13:29'),
(233, 'Usman Syarif', 'usman_syarif@telkomsel.co.id', 'Manager - Non-Games GTM Strategy', 'yes', '2023-08-11 04:13:29'),
(234, 'Franky Tumbelaka', 'franky_tumbelaka@telkomsel.co.id', 'Advisor Associate Sales Strategy', 'yes', '2023-08-11 04:13:29'),
(235, 'Wisnu Prastiawan', 'wisnu_h_prastiawan@telkomsel.co.id', 'General Manager Prepaid Consumer Strategy and GTM', 'yes', '2023-08-11 04:13:29'),
(236, 'Selvi Yulianingsih', 'selvi_e_yulianingsih@telkomsel.co.id', 'Manager Campaign Measurement and Analysis', 'yes', '2023-08-11 04:13:29'),
(237, 'Nindya Pangestika', 'nindya_d_pangestika@telkomsel.co.id', 'Officer Digital Lifestyle Performance and Monitoring', 'yes', '2023-08-11 04:13:29'),
(238, 'Fauzia Trisnantari', 'fauzia_trisnantari@telkomsel.co.id', 'Officer Video and Music Brand and Communications', 'yes', '2023-08-11 04:13:29'),
(239, 'Urwah Rodiya', 'urwah_sr_rodiya@telkomsel.co.id', 'Officer Maxstream Growth and Engagement', 'yes', '2023-08-11 04:13:29'),
(240, 'Fariz Pratama', 'fariz_d_pratama@telkomsel.co.id', 'Staff Digital Lifestyle Performance and Monitoring', 'yes', '2023-08-11 04:13:29'),
(241, 'Andrew Mamahit', 'andrew_mamahit@telkomsel.co.id', 'General Manager Segment and Digital Brand and Communications', 'yes', '2023-08-11 04:13:29'),
(242, 'Eko Prasetyo', 'eko_b_prasetyo@telkomsel.co.id', 'Manager Enterprise Data Management', 'yes', '2023-08-11 04:13:29'),
(243, 'Agus Priyanto', 'agus_priyanto@telkomsel.co.id', 'General Manager - Digital Lifestyle GTM Strategy', 'yes', '2023-08-11 04:13:29'),
(244, 'Auliya Fadli', 'auliya_i_fadli@telkomsel.co.id', 'General Manager Games and Publishing', 'yes', '2023-08-11 04:13:29'),
(245, 'Ardin Prabowo', 'ardin_y_prabowo@telkomsel.co.id', 'Manager Payment Partnerships', 'yes', '2023-08-11 04:13:29'),
(246, 'Sympati Narta', 'sympati_m_narta@telkomsel.co.id', 'Manager Dunia Games Platform', 'yes', '2023-08-11 04:13:29'),
(247, 'Audi Nindita', 'audi_n_nindita@telkomsel.co.id', 'Officer Dunia Games Platform', 'yes', '2023-08-11 04:13:29'),
(248, 'Douby Kusumawirachma', 'douby_kusumawirachma@telkomsel.co.id', 'General Manager VAS Entertainment', 'yes', '2023-08-11 04:13:29'),
(249, 'Verdian Rynaldi', 'verdian_rynaldi@telkomsel.co.id', 'Manager Music Partnership and Product', 'yes', '2023-08-11 04:13:29'),
(250, 'Benny Hamdani', 'benny_hamdani@telkomsel.co.id', 'General Manager DLS and Direct Sales Area Jawa Bali', 'yes', '2023-08-11 04:13:29'),
(251, 'Muhammad Perkasa', 'muhammad_l_perkasa@telkomsel.co.id', 'Manager Prepaid Segmentation Strategy', 'yes', '2023-08-11 04:13:29'),
(252, 'Bill Wadana', 'bill_r_wadana@telkomsel.co.id', 'Officer Prepaid Segmentation Strategy', 'yes', '2023-08-11 04:13:29'),
(253, 'Jonathan Sinulingga', 'jonathan_p_sinulingga@telkomsel.co.id', 'Manager FMC BCI - Product Development', 'yes', '2023-08-11 04:13:29'),
(254, 'Kevin Utomo', 'kevin_d_utomo@telkomsel.co.id', 'Pj. Business Manager to Director Marketing', 'yes', '2023-08-11 04:13:29'),
(255, 'Gede Saguna', 'gede_n_saguna@telkomsel.co.id', 'Staff Prepaid Customer Acquisition Pamasuka', 'yes', '2023-08-11 04:13:29'),
(337, 'Astrid Rahma', 'astrid_n_rahma@telkomsel.co.id', 'Officer Legacy Content', 'yes', '2023-08-11 04:13:29'),
(425, 'Anindita Listyaningrum', 'anindita_listyaningrum@telkomsel.co.id', 'Officer Market Research and Actionable Insight', 'yes', '2023-08-15 09:41:21'),
(426, 'Dyah Mulatsasi', 'dyah_a_mulatsasi@telkomsel.co.id', 'Officer Strategy Enabler Design', 'yes', '2023-08-15 09:41:21'),
(427, 'R. Budiman', 'dieky_budiman@telkomsel.co.id', 'Manager Digital Consumer Insight', 'yes', '2023-08-15 09:41:21'),
(428, 'Rai Megawati', 'rai_s_megawati@telkomsel.co.id', 'Officer Digital Consumer Insight', 'yes', '2023-08-15 09:41:21'),
(429, 'Audrey Ayudia', 'audrey_ayudia@telkomsel.co.id', 'Staff Market Research and Actionable Insight', 'yes', '2023-08-15 09:41:21'),
(430, 'Ade Firmansyah', 'ade_firmansyah@telkomsel.co.id', 'Officer Area and Trade Marketing Brand and Communications', 'yes', '2023-08-23 03:29:50'),
(431, 'Anil Dawan', 'anil_dawan@telkomsel.co.id', 'Manager Area and Trade Marketing Brand and Communications', 'yes', '2023-08-23 03:29:50'),
(432, 'Firmansyah Juang Perkasa', 'firmansyah_j_perkasa@telkomsel.co.id', 'Business Manager to Director Sales', 'yes', '2023-08-23 03:29:50'),
(433, 'Raden Hydravicyan', 'adiwena_hydravicyan@telkomsel.co.id', 'Senior Analyst Network Strategic Planning', 'yes', '2023-08-23 03:29:50'),
(434, 'Putu Reneng', 'putu_r_reneng@telkomsel.co.id', 'Pj. Manager - Sales and Channel Behavior Analysis', 'yes', '2023-08-23 03:29:50'),
(435, 'Benediktus Duan Putra', 'benediktus_d_putra@telkomsel.co.id', 'Officer Prepaid Customer Acquisition Jabotabek Jabar', 'yes', '2023-08-23 03:29:50'),
(436, '', 'rafael_c_murhandoko@telkomsel.co.id', 'Staff Digital Campaign Analysis', 'yes', '2023-08-29 03:31:52'),
(437, 'Adyanto	Putra', 'adyanto_h_putra@telkomsel.co.id', 'Officer - Geospatial and Micro Market Growth Advanced Analytics', 'yes', '2023-09-05 02:00:16'),
(438, 'Maryanto', 'maryanto@telkomsel.co.id', 'Manager Campaign and Customer Retention Management Area Jawa Bali', 'yes', '2023-09-11 02:28:14'),
(439, 'Hendrawan', 'hendrawan@telkomsel.co.id', 'Officer Customer Retention Program Region Jawa Timur', 'yes', '2023-09-11 02:28:14'),
(440, 'Dhandy Darmawan', 'dhandy_darmawan@telkomsel.co.id', 'Supervisor Campaign Data Profiling Management Area Jawa Bali', 'yes', '2023-09-11 02:28:14'),
(441, 'Erfan Wardhana', 'erfan_w_wardhana@telkomsel.co.id', 'Supervisor Postpaid Campaign Operations Area Jawa Bali', 'yes', '2023-09-11 02:28:14'),
(442, 'Dhany Handoyo', 'dhany_w_handoyo@telkomsel.co.id', 'Manager Sales and Retention Management Region Bali Nusra', 'yes', '2023-09-11 02:28:14'),
(443, 'Erid Kautsar', 'erid_ardian_kautsar@telkomsel.co.id', 'Officer Customer Retention Program Region Jawa Tengah dan DIY', 'yes', '2023-09-11 02:28:14'),
(444, 'I Budiana', 'inyoman_budiana@telkomsel.co.id', 'Officer Customer Retention Program Region Bali Nusra', 'yes', '2023-09-11 02:28:14'),
(445, 'Muh Kartono', 'muh.aliantokartono@telkomsel.co.id', 'Supervisor Prepaid Campaign Operations Area Jawa Bali', 'yes', '2023-09-11 02:28:14'),
(446, 'Mutia Nugroho', 'mutia_a_nugroho@telkomsel.co.id', 'Staff - HRC Analysis and Program Alignment', 'yes', '2023-09-11 06:56:37'),
(447, 'Miftah Pratama', 'miftah_m_pratama@telkomsel.co.id', 'Officer - Sales Strategy Operations Area Jawa Bali', 'yes', '2023-09-11 06:56:37');

-- --------------------------------------------------------

--
-- Struktur dari tabel `users`
--

CREATE TABLE `users` (
  `id` bigint(20) UNSIGNED NOT NULL,
  `name` varchar(255) COLLATE utf8mb4_unicode_ci NOT NULL,
  `email` varchar(255) COLLATE utf8mb4_unicode_ci NOT NULL,
  `password` varchar(255) COLLATE utf8mb4_unicode_ci DEFAULT NULL,
  `google_id` varchar(255) COLLATE utf8mb4_unicode_ci DEFAULT NULL,
  `microsoft_id` varchar(50) COLLATE utf8mb4_unicode_ci DEFAULT NULL,
  `avatar` text COLLATE utf8mb4_unicode_ci DEFAULT NULL,
  `job_title` text COLLATE utf8mb4_unicode_ci DEFAULT NULL,
  `role_id` int(11) NOT NULL,
  `created_at` timestamp NULL DEFAULT NULL,
  `updated_at` timestamp NULL DEFAULT NULL
) ENGINE=InnoDB DEFAULT CHARSET=utf8mb4 COLLATE=utf8mb4_unicode_ci;

--
-- Dumping data untuk tabel `users`
--

INSERT INTO `users` (`id`, `name`, `email`, `password`, `google_id`, `microsoft_id`, `avatar`, `job_title`, `role_id`, `created_at`, `updated_at`) VALUES
(1, 'Dany Wika', 'admin@gmail.com', '202cb962ac59075b964b07152d234b70', NULL, NULL, NULL, 'Administrator', 1, '2024-01-13 16:01:53', '2024-01-13 16:01:53'),
(2, 'Abieza Syahdilla', 'abieza.eresha@gmail.com', NULL, NULL, 'd1a9b7cd-6037-4542-b5e5-b5e376a90d2c', NULL, 'Technical Support', 2, '2024-01-13 16:06:15', '2024-01-17 03:43:49');

--
-- Indexes for dumped tables
--

--
-- Indeks untuk tabel `broadcasts`
--
ALTER TABLE `broadcasts`
  ADD PRIMARY KEY (`id`);

--
-- Indeks untuk tabel `categories`
--
ALTER TABLE `categories`
  ADD PRIMARY KEY (`category_id`);

--
-- Indeks untuk tabel `dashboard`
--
ALTER TABLE `dashboard`
  ADD PRIMARY KEY (`dashboard_id`);

--
-- Indeks untuk tabel `dashboards`
--
ALTER TABLE `dashboards`
  ADD PRIMARY KEY (`id`);

--
-- Indeks untuk tabel `detail_logins`
--
ALTER TABLE `detail_logins`
  ADD PRIMARY KEY (`id`);

--
-- Indeks untuk tabel `migrations`
--
ALTER TABLE `migrations`
  ADD PRIMARY KEY (`id`);

--
-- Indeks untuk tabel `permissions`
--
ALTER TABLE `permissions`
  ADD PRIMARY KEY (`id`);

--
-- Indeks untuk tabel `permission_request`
--
ALTER TABLE `permission_request`
  ADD PRIMARY KEY (`request_id`);

--
-- Indeks untuk tabel `recipients`
--
ALTER TABLE `recipients`
  ADD PRIMARY KEY (`id`);

--
-- Indeks untuk tabel `users`
--
ALTER TABLE `users`
  ADD PRIMARY KEY (`id`),
  ADD UNIQUE KEY `users_email_unique` (`email`);

--
-- AUTO_INCREMENT untuk tabel yang dibuang
--

--
-- AUTO_INCREMENT untuk tabel `broadcasts`
--
ALTER TABLE `broadcasts`
  MODIFY `id` int(11) NOT NULL AUTO_INCREMENT, AUTO_INCREMENT=1940;

--
-- AUTO_INCREMENT untuk tabel `categories`
--
ALTER TABLE `categories`
  MODIFY `category_id` int(11) NOT NULL AUTO_INCREMENT, AUTO_INCREMENT=13;

--
-- AUTO_INCREMENT untuk tabel `dashboard`
--
ALTER TABLE `dashboard`
  MODIFY `dashboard_id` int(11) NOT NULL AUTO_INCREMENT, AUTO_INCREMENT=2;

--
-- AUTO_INCREMENT untuk tabel `dashboards`
--
ALTER TABLE `dashboards`
  MODIFY `id` int(11) NOT NULL AUTO_INCREMENT, AUTO_INCREMENT=56;

--
-- AUTO_INCREMENT untuk tabel `detail_logins`
--
ALTER TABLE `detail_logins`
  MODIFY `id` int(11) NOT NULL AUTO_INCREMENT, AUTO_INCREMENT=115;

--
-- AUTO_INCREMENT untuk tabel `migrations`
--
ALTER TABLE `migrations`
  MODIFY `id` int(10) UNSIGNED NOT NULL AUTO_INCREMENT;

--
-- AUTO_INCREMENT untuk tabel `permissions`
--
ALTER TABLE `permissions`
  MODIFY `id` bigint(20) UNSIGNED NOT NULL AUTO_INCREMENT, AUTO_INCREMENT=3;

--
-- AUTO_INCREMENT untuk tabel `permission_request`
--
ALTER TABLE `permission_request`
  MODIFY `request_id` bigint(20) NOT NULL AUTO_INCREMENT, AUTO_INCREMENT=20;

--
-- AUTO_INCREMENT untuk tabel `recipients`
--
ALTER TABLE `recipients`
  MODIFY `id` int(11) NOT NULL AUTO_INCREMENT, AUTO_INCREMENT=448;

--
-- AUTO_INCREMENT untuk tabel `users`
--
ALTER TABLE `users`
  MODIFY `id` bigint(20) UNSIGNED NOT NULL AUTO_INCREMENT, AUTO_INCREMENT=3;
COMMIT;

/*!40101 SET CHARACTER_SET_CLIENT=@OLD_CHARACTER_SET_CLIENT */;
/*!40101 SET CHARACTER_SET_RESULTS=@OLD_CHARACTER_SET_RESULTS */;
/*!40101 SET COLLATION_CONNECTION=@OLD_COLLATION_CONNECTION */;
